AGE,SEX,YEAR.MEASURED,GLASSES,HANDED,RANK,HEIGHT,WEIGHT
20,M,87,GLASSES,2,1,1.841,76.9
20,M,87,GLASSES,1,1,1.748,84.4
20,M,87,NEITHER,2,1,1.647,72
20,M,87,NEITHER,1,1,1.761,83
22,M,87,NEITHER,1,1,1.749,68.4
29,M,87,NEITHER,1,2,1.739,92.8
20,M,87,NEITHER,1,1,1.824,77.4
20,M,87,GLASSES,2,1,1.837,98.5
21,M,87,GLASSES,1,1,1.837,86.4
21,M,87,NEITHER,1,1,1.835,67.4
26,M,87,NEITHER,1,2,1.756,90.3
26,M,87,NEITHER,1,2,1.887,92
27,M,87,GLASSES,1,2,1.817,92.4
26,M,87,NEITHER,1,2,1.72,71.1
24,M,87,CONTACTS,1,1,1.836,91.1
22,M,87,GLASSES,1,1,1.617,65.6
22,M,87,NEITHER,1,1,1.67,56.5
22,M,87,NEITHER,1,1,1.718,79.3
23,M,87,NEITHER,1,NA,1.849,80
21,M,87,NEITHER,1,1,1.85,87.6
26,M,87,NEITHER,2,4,1.851,96.5
25,M,87,GLASSES,1,2,1.809,89.2
25,M,87,NEITHER,1,1,1.735,87.8
23,M,87,NEITHER,1,1,1.778,76.7
22,M,87,GLASSES,1,1,1.708,78.4
28,M,87,NEITHER,1,NA,1.872,103.7
25,M,87,NEITHER,1,1,1.713,81.1
22,M,87,GLASSES,2,1,1.774,75.5
25,M,87,NEITHER,1,2,1.718,82.9
26,M,87,NEITHER,2,2,1.74,95.6
21,M,87,NEITHER,1,2,1.755,81.5
24,M,87,NEITHER,1,2,1.732,71.7
22,M,87,NEITHER,1,2,1.685,65.9
21,M,87,NEITHER,1,1,1.764,71.5
20,M,87,NEITHER,1,1,1.672,72.3
20,M,87,NEITHER,2,1,1.726,90.2
23,M,87,NEITHER,2,2,1.878,84.4
24,M,87,NEITHER,2,3,1.738,74
25,M,87,NEITHER,1,3,1.743,83.6
26,M,87,NEITHER,1,4,1.869,84.2
24,M,87,NEITHER,1,3,1.771,81.1
24,M,87,NEITHER,1,4,1.907,86.3
28,M,87,NEITHER,1,3,1.806,65.1
23,M,87,NEITHER,2,3,1.879,74.8
29,M,87,NEITHER,2,3,1.825,80
21,M,87,CONTACTS,1,1,1.789,88.9
21,M,87,NEITHER,1,2,1.799,71.1
28,M,87,BOTH,2,4,1.741,84.2
24,M,87,NEITHER,1,4,1.775,76.3
26,M,87,GLASSES,1,3,1.785,81.4
20,M,87,NEITHER,1,1,1.795,72
29,M,87,NEITHER,1,2,1.741,64.2
20,M,87,NEITHER,1,1,1.696,68.8
25,M,87,GLASSES,1,1,1.79,88.5
28,M,87,NEITHER,1,2,1.761,81.3
24,M,87,NEITHER,1,2,1.86,102.2
24,M,87,GLASSES,1,1,1.774,71.6
22,M,87,GLASSES,1,2,1.703,77.1
21,M,87,NEITHER,2,1,1.77,88.1
28,M,87,NEITHER,2,4,1.757,83
27,M,87,NEITHER,2,1,1.798,67.8
22,M,87,NEITHER,2,1,1.623,54
29,M,87,NEITHER,1,2,1.654,73.4
20,M,87,NEITHER,1,2,1.847,79.2
26,M,87,NEITHER,1,2,1.703,69.4
24,M,87,GLASSES,1,2,1.701,89.8
25,M,87,NEITHER,1,1,1.766,67.2
22,M,87,CONTACTS,1,4,1.831,78.5
27,M,87,GLASSES,1,2,1.742,75.9
27,M,87,NEITHER,1,1,1.811,89.4
20,M,87,NEITHER,1,1,1.87,89
22,M,87,GLASSES,2,1,1.729,79
21,M,87,BOTH,1,1,1.695,65.1
27,M,87,NEITHER,1,2,1.675,68.7
24,M,87,NEITHER,1,2,1.791,66.2
20,M,87,NEITHER,1,1,1.853,83.5
27,M,87,NEITHER,1,2,1.728,75.4
20,M,87,NEITHER,2,1,1.71,76.4
21,M,87,GLASSES,1,1,1.777,69.6
26,M,87,NEITHER,1,1,1.789,87.9
28,M,87,NEITHER,1,1,1.738,95.7
22,M,87,NEITHER,1,1,1.719,77.6
24,M,87,NEITHER,1,1,1.873,102.6
23,M,87,GLASSES,1,4,1.697,64.9
20,M,87,NEITHER,1,1,1.758,74.9
26,M,87,GLASSES,1,2,1.817,83
25,M,87,NEITHER,1,2,1.87,104.9
20,M,87,NEITHER,2,1,1.784,70.9
22,M,87,NEITHER,1,1,1.763,80.5
28,M,87,NEITHER,1,1,1.752,77.6
29,M,87,GLASSES,1,2,1.769,68.1
21,M,87,NEITHER,2,1,1.784,79.9
23,M,87,NEITHER,1,1,1.757,93.3
25,M,87,NEITHER,1,2,1.794,66.1
23,M,87,NEITHER,1,1,1.803,81.3
26,M,87,NEITHER,2,1,1.714,61.5
23,M,87,GLASSES,1,1,1.803,87.2
25,M,87,NEITHER,1,2,1.762,79.7
23,M,87,GLASSES,1,1,1.894,86.5
20,M,87,BOTH,1,1,1.871,80.6
26,M,87,NEITHER,1,2,1.746,85.3
21,M,87,BOTH,2,2,1.749,73.2
24,M,87,CONTACTS,1,4,1.73,80.6
23,M,87,NEITHER,1,2,1.772,79.4
22,M,87,NEITHER,1,2,1.654,60.8
20,M,87,NEITHER,1,1,1.792,87.9
21,M,87,NEITHER,1,1,1.762,69.6
20,M,87,NEITHER,1,1,1.756,74
27,M,87,NEITHER,2,1,1.834,88.2
24,M,87,NEITHER,1,1,1.678,85.4
21,M,87,NEITHER,1,1,1.758,74.6
23,M,87,NEITHER,1,1,1.638,63.1
22,M,87,GLASSES,2,1,1.651,56.9
21,M,87,GLASSES,1,1,1.671,69.7
27,M,87,NEITHER,1,2,1.754,88
20,M,87,NEITHER,1,1,1.786,94
25,M,87,NEITHER,1,1,1.671,74.2
27,M,87,GLASSES,1,1,1.722,68.3
25,M,87,NEITHER,1,2,1.659,66.8
20,M,87,NEITHER,1,1,1.869,79.4
23,M,87,NEITHER,1,NA,1.788,77
21,M,87,GLASSES,1,1,1.701,88
25,M,87,GLASSES,1,2,1.67,73.5
21,M,87,NEITHER,1,1,1.729,74.6
22,M,87,NEITHER,1,1,1.762,75.3
26,M,87,NEITHER,1,NA,1.806,77.4
24,M,87,NEITHER,1,1,1.777,87.3
25,M,87,NEITHER,1,1,1.804,89.1
23,M,87,GLASSES,1,1,1.698,70.4
25,M,87,GLASSES,1,4,1.873,77.7
27,M,87,CONTACTS,1,4,1.886,98.8
23,M,87,NEITHER,1,1,1.819,76
22,M,87,NEITHER,1,1,1.692,71.3
23,M,87,NEITHER,1,2,1.72,70.5
25,M,87,NEITHER,1,1,1.727,62.1
25,M,87,NEITHER,2,1,1.749,82.7
22,M,87,NEITHER,2,1,1.693,78.7
20,M,87,NEITHER,2,1,1.647,56.5
22,M,87,NEITHER,1,1,1.794,84
20,M,87,NEITHER,1,1,1.726,70.4
25,M,87,NEITHER,1,2,1.736,63.9
25,M,87,NEITHER,1,1,1.649,65.5
25,M,87,NEITHER,1,2,1.737,77
22,M,87,GLASSES,1,1,1.615,62.6
20,M,87,NEITHER,1,1,1.694,77.3
25,M,87,NEITHER,1,2,1.577,85.5
25,M,87,BOTH,2,2,1.793,84
28,M,87,NEITHER,1,2,1.808,94.6
25,M,87,NEITHER,2,1,1.74,84.3
22,M,87,NEITHER,1,1,1.829,77.7
21,M,87,BOTH,1,1,1.652,64.3
27,M,87,NEITHER,1,1,1.763,76
21,M,87,NEITHER,1,1,1.725,68.8
20,M,87,NEITHER,1,1,1.782,82.2
29,M,87,NEITHER,1,4,1.796,82.2
25,M,87,NEITHER,2,1,1.814,93.3
21,M,87,NEITHER,1,1,1.7,78.8
20,M,87,NEITHER,1,1,1.746,65.8
21,M,87,NEITHER,1,1,1.746,75.4
28,M,87,NEITHER,1,2,1.876,77.7
20,M,87,NEITHER,1,1,1.82,71.9
22,M,87,NEITHER,1,1,1.798,79
27,M,87,NEITHER,1,1,1.66,70.3
21,M,87,GLASSES,1,1,1.677,59.7
23,M,87,NEITHER,1,2,1.714,77.2
23,M,87,NEITHER,1,1,1.682,68.5
24,M,87,NEITHER,1,2,1.57,55
29,M,87,NEITHER,1,1,1.784,83.7
22,M,87,NEITHER,1,1,1.658,69.7
22,M,87,NEITHER,1,1,1.772,68.5
26,M,87,BOTH,2,2,1.66,62
22,M,87,NEITHER,1,1,1.643,57.2
28,M,87,NEITHER,1,1,1.652,84.1
21,M,87,NEITHER,1,1,1.798,80.3
26,M,87,NEITHER,1,2,1.753,86.4
26,M,87,NEITHER,1,2,1.717,69.4
23,M,87,GLASSES,1,1,1.779,65.3
24,M,87,GLASSES,1,1,1.717,85.2
28,M,87,NEITHER,1,2,1.703,70.9
22,M,87,NEITHER,2,2,1.744,74.4
29,M,87,GLASSES,1,4,1.885,98.8
22,M,87,NEITHER,1,1,1.753,77.1
27,M,87,NEITHER,1,2,1.706,65.6
22,M,87,NEITHER,1,2,1.741,65.4
22,M,87,NEITHER,1,1,1.782,79.2
20,M,87,GLASSES,1,1,1.683,70.8
20,M,87,NEITHER,1,1,2.012,84.6
25,M,87,NEITHER,1,2,1.744,88
22,M,87,NEITHER,1,1,1.872,93.2
24,M,87,NEITHER,2,1,1.867,71.3
21,M,87,GLASSES,1,1,1.877,106.5
25,M,87,NEITHER,1,2,1.828,70.5
22,M,87,GLASSES,1,1,1.694,66.9
20,M,87,NEITHER,2,1,1.818,70.9
27,M,87,NEITHER,1,1,1.705,56.2
24,M,87,NEITHER,1,1,1.678,74.2
23,M,87,NEITHER,1,1,1.642,72.9
20,M,87,NEITHER,2,1,1.763,71
24,M,87,NEITHER,1,1,1.79,76.1
20,M,87,BOTH,1,1,1.935,100.3
24,M,87,GLASSES,1,2,1.796,82.2
26,M,87,NEITHER,1,2,1.765,101.6
29,M,87,NEITHER,2,2,1.765,71.4
22,M,87,NEITHER,1,1,1.825,87.9
27,M,87,NEITHER,2,2,1.88,83.3
26,M,87,NEITHER,1,1,1.673,52.3
21,M,87,GLASSES,1,1,1.778,88.7
24,M,87,NEITHER,1,4,1.685,65.7
21,M,87,GLASSES,2,1,1.73,85.1
23,M,87,NEITHER,1,1,1.672,66.3
24,M,87,NEITHER,1,2,1.749,75.4
22,M,87,GLASSES,1,1,1.762,88.8
23,M,87,NEITHER,1,2,1.765,63.3
26,M,87,GLASSES,1,1,1.892,81.5
21,M,87,NEITHER,1,2,1.823,85.6
27,M,87,NEITHER,1,1,1.723,80.1
29,M,87,NEITHER,1,2,1.748,71.1
21,M,87,NEITHER,1,1,1.724,88
25,M,87,BOTH,1,1,1.715,54.2
21,M,87,NEITHER,1,1,1.807,72.4
24,M,87,NEITHER,1,1,1.705,64
26,M,87,NEITHER,1,2,1.813,85.6
20,M,87,NEITHER,1,1,1.656,60.8
20,M,87,GLASSES,1,1,1.817,80
20,M,87,NEITHER,1,1,1.857,90.8
21,M,87,NEITHER,1,1,1.687,80.8
24,M,87,NEITHER,2,1,1.792,71.3
29,M,87,NEITHER,1,2,1.799,74.1
23,M,87,NEITHER,1,1,1.657,82.4
24,M,87,NEITHER,1,1,1.718,81.6
26,M,87,NEITHER,1,1,1.726,70.9
29,M,87,BOTH,1,1,1.763,68.7
27,M,87,NEITHER,1,1,1.697,93.4
23,M,87,NEITHER,1,1,1.818,81.9
29,M,87,BOTH,1,1,1.707,76.4
23,M,87,GLASSES,1,1,1.827,79.9
29,M,87,NEITHER,1,1,1.757,68.1
26,M,87,NEITHER,1,1,1.741,78
28,M,87,GLASSES,1,1,1.762,86.6
20,M,87,NEITHER,1,1,1.814,85.4
24,M,87,NEITHER,1,1,1.762,86.3
27,M,87,GLASSES,1,2,1.685,82.6
21,M,87,NEITHER,1,1,1.848,79.2
27,M,87,GLASSES,1,4,1.793,88.2
27,M,87,BOTH,1,4,1.712,75.5
20,M,87,NEITHER,2,1,1.765,63.4
24,M,87,NEITHER,1,2,1.802,82.8
29,M,87,NEITHER,1,1,1.737,83.5
25,M,87,GLASSES,1,1,1.733,74.2
25,M,87,NEITHER,1,1,1.778,68.6
22,M,87,NEITHER,1,1,1.747,96.9
28,M,87,NEITHER,2,2,1.58,63.7
28,M,87,GLASSES,1,2,1.815,82.3
22,M,87,NEITHER,1,1,1.731,68.8
20,M,87,NEITHER,1,1,1.727,76.3
21,M,87,NEITHER,1,1,1.8,96.4
28,M,87,BOTH,1,4,1.834,85.3
22,M,87,NEITHER,2,1,1.73,70.5
25,M,87,NEITHER,1,2,1.752,74.6
21,M,87,NEITHER,1,1,1.77,82.1
26,M,87,BOTH,1,1,1.775,78.4
22,M,87,NEITHER,1,1,1.792,80.5
25,M,87,NEITHER,1,2,1.721,70
21,M,87,NEITHER,1,2,1.849,93.7
22,M,87,GLASSES,1,1,1.844,91.9
28,M,87,NEITHER,1,2,1.717,88.6
21,M,87,NEITHER,1,1,1.696,71.5
28,M,87,NEITHER,1,2,1.719,65.9
25,M,87,NEITHER,1,2,1.834,80.6
23,M,87,NEITHER,1,1,1.777,71.5
23,M,87,NEITHER,1,1,1.719,64.6
22,M,87,GLASSES,1,1,1.725,86.8
22,M,87,NEITHER,1,1,1.771,69.4
25,M,87,GLASSES,1,1,1.619,56.9
26,M,87,NEITHER,1,1,1.777,72.8
21,M,87,NEITHER,1,1,1.797,90.4
21,M,87,NEITHER,1,1,1.84,83.2
24,M,87,NEITHER,1,2,1.81,84.5
22,M,87,NEITHER,1,1,1.662,65.5
26,M,87,CONTACTS,1,1,1.724,63
26,M,87,NEITHER,1,1,1.738,79.3
21,M,87,NEITHER,1,1,1.797,79.5
22,M,87,NEITHER,1,1,1.695,62
21,M,87,BOTH,1,1,1.696,77.6
29,M,87,GLASSES,2,2,1.803,81.5
23,M,87,GLASSES,1,1,1.825,90.7
24,M,87,NEITHER,1,4,1.862,78.8
22,M,87,GLASSES,1,1,1.731,77.3
21,M,87,GLASSES,1,1,1.778,69.3
25,M,87,NEITHER,1,2,1.824,68.6
21,M,87,NEITHER,1,1,1.7,73.4
22,M,87,NEITHER,1,2,1.752,79
29,M,87,GLASSES,1,2,1.857,82.8
28,M,87,NEITHER,2,2,1.667,80.9
20,M,87,NEITHER,1,1,1.591,58.9
24,M,87,NEITHER,1,2,1.656,79
25,M,87,NEITHER,1,1,1.818,65.3
28,M,87,GLASSES,2,2,1.72,91.6
20,M,87,NEITHER,1,1,1.74,73.9
20,M,87,NEITHER,2,1,1.707,79
23,M,87,NEITHER,1,1,1.745,92.7
20,M,87,GLASSES,1,1,1.74,74
20,M,87,NEITHER,1,1,1.768,70.5
22,M,87,NEITHER,1,4,1.818,95.2
22,M,87,NEITHER,2,1,1.891,77.7
24,M,87,NEITHER,1,2,1.873,94.2
25,M,87,GLASSES,1,4,1.711,72.6
28,M,87,NEITHER,1,1,1.735,100.5
21,M,87,NEITHER,1,1,1.807,67.4
28,M,87,NEITHER,2,2,1.702,70.6
21,M,87,NEITHER,1,1,1.81,69.8
28,M,87,GLASSES,1,2,1.814,75.3
27,M,87,NEITHER,1,2,1.721,74.9
22,M,87,NEITHER,1,2,1.674,66.5
22,M,87,NEITHER,1,1,1.843,87.5
23,M,87,NEITHER,1,2,1.801,82.9
20,M,87,BOTH,1,1,1.78,68.7
26,M,87,NEITHER,1,1,1.771,74.5
20,M,87,NEITHER,1,1,1.608,64.8
28,M,87,NEITHER,1,2,1.857,109.5
23,M,87,NEITHER,1,1,1.742,71.4
22,M,87,GLASSES,1,1,1.777,90.2
27,M,87,NEITHER,1,2,1.822,93.7
23,M,87,GLASSES,1,1,1.712,79.5
22,M,87,NEITHER,1,1,1.82,81.1
21,M,87,GLASSES,1,1,1.875,98.5
20,M,87,NEITHER,1,1,1.811,78.1
23,M,87,NEITHER,1,1,1.777,97.7
23,M,87,GLASSES,1,2,1.73,80.6
23,M,87,NEITHER,1,1,1.778,86.6
27,M,87,NEITHER,1,1,1.85,80
25,M,87,GLASSES,1,2,1.764,74.1
21,M,87,GLASSES,1,2,1.813,81.1
29,M,87,GLASSES,1,1,1.772,85.1
21,M,87,NEITHER,1,1,1.802,81.6
28,M,87,GLASSES,1,2,1.722,74.1
23,M,87,NEITHER,1,1,1.829,87.5
20,M,87,NEITHER,1,1,1.807,93.3
25,M,87,NEITHER,2,2,1.752,86.9
21,M,87,GLASSES,2,1,1.675,70.6
24,M,87,NEITHER,1,1,1.831,84.1
22,M,87,GLASSES,1,1,1.806,80.3
25,M,87,GLASSES,1,2,1.849,78.5
20,M,87,NEITHER,1,1,1.741,80.4
25,M,87,GLASSES,1,1,1.687,66.4
26,M,87,NEITHER,1,2,1.651,79.5
28,M,87,NEITHER,2,2,1.827,100
25,M,87,GLASSES,1,1,1.788,88.1
20,M,87,NEITHER,1,1,1.733,60.3
28,M,87,NEITHER,1,1,1.886,82.3
23,M,87,NEITHER,2,1,1.807,75.5
20,M,87,NEITHER,1,1,1.826,81.9
22,M,87,GLASSES,1,1,1.74,65.9
23,M,87,NEITHER,1,1,1.911,89.3
26,M,87,NEITHER,1,2,1.782,90.5
22,M,87,GLASSES,2,1,1.685,60.5
20,M,87,NEITHER,1,1,1.873,79.2
24,M,87,NEITHER,1,4,1.763,92.2
26,M,87,GLASSES,1,2,1.778,74.7
26,M,87,NEITHER,1,2,1.827,79.8
25,M,87,GLASSES,1,2,1.797,69.8
23,M,87,BOTH,1,1,1.765,74.4
24,M,87,NEITHER,1,1,1.752,93.9
29,M,87,NEITHER,1,1,1.689,71.5
21,M,87,NEITHER,1,1,1.733,100.5
20,M,87,NEITHER,1,1,1.802,87.3
24,M,87,NEITHER,1,1,1.715,70.8
22,M,87,NEITHER,1,1,1.767,72.9
26,M,87,NEITHER,1,1,1.73,65.7
26,M,87,NEITHER,1,2,1.655,72.4
29,M,87,NEITHER,1,2,1.699,79.4
26,M,87,NEITHER,1,1,1.771,99.8
27,M,87,NEITHER,1,2,1.66,77.8
21,M,87,NEITHER,1,1,1.752,71
22,M,87,NEITHER,1,1,1.809,90.5
21,M,87,GLASSES,1,1,1.692,73.5
23,M,87,NEITHER,1,1,1.886,94.6
28,M,87,NEITHER,1,2,1.828,78.8
28,M,87,NEITHER,1,2,1.664,70.7
24,M,87,NEITHER,1,2,1.75,76.8
23,M,87,NEITHER,1,2,1.857,78
20,M,87,NEITHER,1,1,1.783,75.7
21,M,87,NEITHER,1,1,1.748,65.8
25,M,87,GLASSES,1,4,1.891,90.7
26,M,87,NEITHER,1,4,1.72,74.2
20,M,87,NEITHER,1,1,1.804,70.8
24,M,87,NEITHER,1,1,1.7,61.3
25,M,87,GLASSES,1,1,1.76,63.7
26,M,87,NEITHER,1,2,1.741,88.1
23,M,87,NEITHER,1,4,1.702,68.1
23,M,87,NEITHER,1,1,1.728,69
22,M,87,NEITHER,1,1,1.955,99.4
24,M,87,NEITHER,2,1,1.667,70.2
24,M,87,NEITHER,1,4,1.764,76.6
24,M,87,NEITHER,1,4,1.744,70.1
20,M,87,NEITHER,1,1,1.877,75.2
20,M,87,CONTACTS,1,1,1.792,88.2
22,M,87,NEITHER,1,1,1.895,95.9
20,M,87,NEITHER,1,1,1.673,72
25,M,87,NEITHER,1,4,1.732,77.8
20,M,87,NEITHER,1,1,1.693,80.9
21,M,87,NEITHER,1,1,1.802,91.7
26,M,87,NEITHER,1,2,1.753,76.5
28,M,87,NEITHER,2,2,1.788,82.9
21,M,87,NEITHER,1,1,1.735,83.4
22,M,87,NEITHER,1,1,1.756,89
29,M,87,NEITHER,1,2,1.883,88.7
20,M,87,NEITHER,2,1,1.722,86.8
23,M,87,GLASSES,1,4,1.725,74.8
22,M,87,NEITHER,1,2,1.694,82.5
26,M,87,NEITHER,1,2,1.765,73.2
26,M,87,NEITHER,1,2,1.786,106.7
21,M,87,NEITHER,1,1,1.774,72.1
21,M,87,GLASSES,1,1,1.79,89.4
21,M,87,NEITHER,1,1,1.706,67.5
21,M,87,GLASSES,1,1,1.718,62.7
20,M,87,GLASSES,1,1,1.781,66.7
20,M,87,NEITHER,1,1,1.776,68.3
25,M,87,NEITHER,1,1,1.727,63.5
24,M,87,GLASSES,1,1,1.72,76.2
26,M,87,NEITHER,1,2,1.588,67.2
27,M,87,NEITHER,1,2,1.725,97
29,M,87,NEITHER,1,2,1.796,89.6
29,M,87,NEITHER,2,1,1.815,85.8
23,M,87,GLASSES,1,1,1.837,102.4
27,M,87,GLASSES,1,2,1.668,70
24,M,87,NEITHER,1,2,1.705,73.8
20,M,88,NEITHER,1,1,1.732,88.3
20,M,88,GLASSES,1,1,1.699,67.8
25,M,88,BOTH,1,2,1.782,83.8
22,M,88,GLASSES,1,2,1.769,76.6
23,M,88,NEITHER,2,1,1.716,87.7
20,M,88,NEITHER,1,1,1.764,84.1
26,M,88,NEITHER,1,1,1.699,71
26,M,88,NEITHER,1,2,1.743,69.5
28,M,88,NEITHER,1,2,1.838,85.2
20,M,88,NEITHER,2,1,1.786,68.7
20,M,88,GLASSES,1,1,1.738,59.4
24,M,88,NEITHER,1,1,1.708,70.3
24,M,88,NEITHER,1,1,1.724,66.3
23,M,88,NEITHER,1,1,1.7,76.2
25,M,88,NEITHER,1,2,1.751,71.5
21,M,88,NEITHER,1,1,1.691,95.9
28,M,88,GLASSES,1,4,1.904,91.3
22,M,88,NEITHER,1,1,1.727,79.2
20,M,88,NEITHER,1,1,1.856,98.8
28,M,88,NEITHER,2,1,1.731,87.6
20,M,88,NEITHER,1,1,1.653,67.8
27,M,88,NEITHER,1,1,1.94,104.3
29,M,87,NEITHER,1,2,1.759,70.6
26,M,87,GLASSES,1,4,1.7,76.4
25,M,87,NEITHER,1,4,1.743,77.2
22,M,88,NEITHER,1,1,1.715,82.4
28,M,88,NEITHER,1,2,1.875,73.3
26,M,88,NEITHER,1,2,1.748,73.8
25,M,88,GLASSES,1,1,1.775,79.7
20,M,88,NEITHER,1,1,1.84,108.2
20,M,88,NEITHER,1,1,1.736,61.2
24,M,88,NEITHER,1,4,1.732,75
24,M,88,GLASSES,1,1,1.65,64.4
26,M,88,NEITHER,1,1,1.843,87.4
26,M,88,NEITHER,1,2,1.858,83.3
28,M,88,NEITHER,1,2,1.705,74.4
23,M,88,NEITHER,1,2,1.727,71.3
24,M,88,NEITHER,1,4,1.713,81.6
22,M,88,NEITHER,1,1,1.793,68.8
23,M,88,GLASSES,1,1,1.762,82.9
25,M,88,NEITHER,1,1,1.741,80.5
25,M,88,BOTH,1,1,1.672,65.1
20,M,88,BOTH,1,1,1.8,88.3
22,M,88,NEITHER,1,1,1.773,83
29,M,88,NEITHER,2,2,1.772,87.6
23,M,88,GLASSES,1,1,1.835,86
25,M,88,GLASSES,1,2,1.687,85.9
28,M,88,NEITHER,1,1,1.765,85.6
20,M,88,GLASSES,2,1,1.584,60
29,M,88,GLASSES,1,2,1.805,69.3
27,M,88,NEITHER,1,1,1.727,90
22,M,88,NEITHER,1,1,1.743,72.3
25,M,88,BOTH,1,4,1.708,63.6
23,M,88,NEITHER,1,4,1.783,85.6
22,M,88,NEITHER,1,1,1.805,70.1
25,M,88,NEITHER,1,1,1.754,81.2
23,M,88,NEITHER,1,1,1.928,95.4
20,M,88,GLASSES,1,1,1.724,75.4
28,M,88,GLASSES,1,2,1.811,101.7
26,M,88,NEITHER,1,4,1.745,74.3
26,M,88,NEITHER,1,2,1.732,61
28,M,88,BOTH,2,4,1.782,72.5
20,M,88,GLASSES,1,1,1.812,67
21,M,88,NEITHER,1,1,1.745,81
27,M,88,GLASSES,1,2,1.789,83
28,M,88,BOTH,1,4,1.686,68.3
28,M,88,GLASSES,1,3,1.729,61.9
26,M,88,NEITHER,1,2,1.776,85.8
22,M,88,NEITHER,1,1,1.777,71.5
22,M,88,NEITHER,1,1,1.831,70.2
22,M,88,NEITHER,1,1,1.712,72.2
25,M,88,GLASSES,1,1,1.794,90.9
20,M,88,NEITHER,2,1,1.797,82.9
27,M,88,NEITHER,2,2,1.807,93.9
24,M,88,GLASSES,2,1,1.829,77.9
21,M,88,NEITHER,1,1,1.731,73.8
24,M,88,BOTH,1,1,1.845,72.9
22,M,88,NEITHER,1,1,1.695,66.5
25,M,88,NEITHER,2,4,1.777,75.2
29,M,88,NEITHER,1,2,1.682,79
21,M,88,NEITHER,1,1,1.844,84.9
28,M,88,NEITHER,2,2,1.732,79.7
24,M,88,BOTH,1,4,1.733,72.1
20,M,88,GLASSES,1,1,1.665,81.2
23,M,88,NEITHER,1,1,1.762,75.1
28,M,88,NEITHER,2,1,1.8,101.4
26,M,88,BOTH,1,4,1.823,66.5
22,M,88,NEITHER,1,1,1.628,62.4
21,M,88,NEITHER,1,1,1.814,85.9
20,M,88,GLASSES,1,1,1.767,68.3
29,M,88,NEITHER,1,2,1.796,89.9
27,M,88,GLASSES,1,1,1.846,109.4
28,M,88,NEITHER,1,4,1.83,92.8
20,M,88,GLASSES,1,1,1.728,71.5
22,M,88,NEITHER,2,1,1.668,65.4
20,M,88,NEITHER,1,1,1.705,76.5
21,M,88,GLASSES,2,1,1.87,96.5
29,M,88,NEITHER,1,1,1.762,66
23,M,88,NEITHER,1,1,1.711,67
22,M,88,NEITHER,1,1,1.783,77.1
20,M,88,BOTH,1,1,1.783,74.6
21,M,88,NEITHER,1,1,1.742,84.6
21,M,88,NEITHER,1,1,1.758,73.9
22,M,88,NEITHER,1,1,1.761,84.1
28,M,88,NEITHER,2,2,1.801,84.7
24,M,88,NEITHER,1,1,1.831,100.9
21,M,88,NEITHER,1,1,1.707,61.5
21,M,88,NEITHER,1,1,1.661,59.1
26,M,88,NEITHER,1,1,1.712,64
24,M,88,NEITHER,2,1,1.85,75.8
21,M,88,CONTACTS,2,1,1.745,82.2
24,M,88,NEITHER,1,1,1.776,70.7
28,M,88,NEITHER,1,2,1.853,86
28,M,88,NEITHER,1,1,1.705,76.6
25,M,88,NEITHER,1,1,1.821,89.5
29,M,88,GLASSES,1,4,1.858,89.1
26,M,88,BOTH,1,4,1.716,73.6
21,M,88,NEITHER,1,1,1.742,64.1
20,M,88,NEITHER,1,1,1.811,86.3
22,M,88,BOTH,1,1,1.807,81.8
20,M,88,GLASSES,1,1,1.56,54.2
27,M,88,NEITHER,1,1,1.797,89.5
23,M,88,NEITHER,2,1,1.676,71.2
28,M,88,NEITHER,1,1,1.785,76.8
28,M,88,NEITHER,1,1,1.821,83.1
22,M,88,NEITHER,1,1,1.685,80.7
22,M,88,NEITHER,2,1,1.797,83.7
22,M,88,NEITHER,1,1,1.723,72.2
20,M,88,NEITHER,1,1,1.802,65.1
24,M,88,NEITHER,1,2,1.775,96.9
25,M,88,NEITHER,1,2,1.792,86.6
22,M,88,NEITHER,1,1,1.762,70.1
25,M,88,GLASSES,1,2,1.726,75.6
24,M,88,NEITHER,1,2,1.702,61.8
24,M,88,GLASSES,1,1,1.7,75.4
20,M,88,NEITHER,1,1,1.795,84.9
23,M,88,NEITHER,1,1,1.698,71.7
29,M,88,GLASSES,1,1,1.708,85.6
22,M,88,NEITHER,1,2,1.703,71.3
24,M,88,GLASSES,1,4,1.792,82.5
20,M,88,NEITHER,1,1,1.71,78.8
26,M,88,NEITHER,1,1,1.688,73.8
20,M,88,NEITHER,1,1,1.712,71.6
29,M,88,NEITHER,1,2,1.762,77.1
22,M,88,GLASSES,1,1,1.746,86.2
20,M,88,NEITHER,2,1,1.846,87.9
25,M,88,BOTH,1,4,1.755,75.1
22,M,88,NEITHER,1,1,1.83,79.4
26,M,88,GLASSES,2,2,1.725,66.2
22,M,88,NEITHER,1,2,1.744,75.4
24,M,88,NEITHER,1,2,1.743,74.2
26,M,88,NEITHER,1,2,1.755,72.2
27,M,88,GLASSES,2,4,1.723,66.8
29,M,88,GLASSES,1,2,1.69,54.6
21,M,88,NEITHER,1,1,1.727,65.4
25,M,88,NEITHER,1,1,1.703,71.1
20,M,88,GLASSES,1,1,1.857,99.4
26,M,88,NEITHER,1,2,1.647,71.6
23,M,88,NEITHER,1,1,1.836,77.8
29,M,88,GLASSES,1,2,1.713,74.2
21,M,88,GLASSES,1,1,1.751,89.5
20,M,88,NEITHER,1,1,1.723,76.5
22,M,88,NEITHER,2,1,1.671,74.3
29,M,88,BOTH,1,4,1.736,80.9
21,M,88,NEITHER,1,1,1.77,77.5
28,M,88,NEITHER,1,2,1.711,84.2
21,M,88,GLASSES,1,1,1.728,79.9
24,M,88,NEITHER,1,1,1.862,78.7
22,M,88,NEITHER,1,2,1.812,70.7
27,M,88,GLASSES,1,2,1.773,77.1
29,M,88,NEITHER,1,2,1.663,75.4
25,M,88,GLASSES,2,2,1.754,83
24,M,88,GLASSES,2,2,1.785,87.7
29,M,88,GLASSES,1,2,1.806,89.6
29,M,88,GLASSES,1,1,1.811,79.1
22,M,88,NEITHER,1,1,1.703,75.1
21,M,88,NEITHER,1,1,1.627,60.4
27,M,88,NEITHER,1,2,1.712,68
26,M,88,GLASSES,1,1,1.792,68.4
27,M,88,NEITHER,1,2,1.788,74
24,M,88,NEITHER,1,4,1.664,75.4
29,M,88,NEITHER,1,1,1.76,83.4
20,M,88,NEITHER,1,1,1.728,81.3
24,M,88,NEITHER,1,1,1.784,73.8
21,M,88,NEITHER,1,1,1.759,97.7
22,M,88,NEITHER,1,1,1.613,59.3
22,M,88,NEITHER,1,2,1.723,75.7
25,M,88,NEITHER,2,2,1.721,83.7
22,M,88,GLASSES,1,1,1.873,92.4
23,M,88,NEITHER,1,1,1.679,76.3
22,M,88,GLASSES,2,1,1.709,61
22,M,88,NEITHER,1,1,1.847,89.3
27,M,88,GLASSES,1,4,1.834,79.1
22,M,88,GLASSES,2,1,1.732,93.5
23,M,88,GLASSES,1,1,1.673,85.4
22,M,88,NEITHER,1,1,1.674,82.5
24,M,88,NEITHER,1,4,1.708,73.8
25,M,88,NEITHER,1,4,1.76,69.7
20,M,88,NEITHER,2,1,1.774,76.3
21,M,88,NEITHER,1,1,1.742,78.1
23,M,88,NEITHER,1,2,1.774,70.7
24,M,88,NEITHER,1,3,1.743,71.3
29,M,88,NEITHER,1,3,1.798,84.8
26,M,88,NEITHER,1,4,1.792,95.6
21,M,88,NEITHER,1,3,1.715,63.8
25,M,88,NEITHER,1,4,1.579,57.3
25,M,88,NEITHER,1,3,1.744,76
26,M,88,GLASSES,1,1,1.817,93.1
22,M,88,NEITHER,1,1,1.702,76.3
20,M,88,NEITHER,1,1,1.793,74.6
24,M,88,GLASSES,1,1,1.694,63.8
20,M,88,GLASSES,1,1,1.698,67.2
22,M,88,NEITHER,1,1,1.854,97.5
21,M,88,BOTH,1,2,1.796,82.5
26,M,88,NEITHER,1,2,1.858,97.1
21,M,88,NEITHER,1,1,1.842,99.5
20,M,88,NEITHER,2,1,1.613,72.1
29,M,88,NEITHER,1,2,1.734,84.1
22,M,88,NEITHER,1,1,1.768,66
26,M,88,NEITHER,1,1,1.79,79.7
24,M,88,NEITHER,1,1,1.805,74
21,M,88,NEITHER,1,1,1.734,61.7
22,M,88,BOTH,2,4,1.868,86.6
29,M,88,GLASSES,1,1,1.748,71.9
26,M,88,NEITHER,1,1,1.867,111.4
20,M,88,GLASSES,2,1,1.83,84
22,M,88,NEITHER,1,1,1.859,83.6
23,M,88,BOTH,1,1,1.658,69.9
20,M,88,NEITHER,1,1,1.638,57.1
23,M,88,BOTH,1,4,1.769,84.3
24,M,88,GLASSES,1,4,1.863,70.8
26,M,88,NEITHER,1,1,1.723,74.2
24,M,88,NEITHER,1,4,1.744,79.5
26,M,88,GLASSES,1,1,1.732,72.7
25,M,88,NEITHER,1,4,1.792,87.4
20,M,88,BOTH,1,1,1.775,71
21,M,88,NEITHER,1,1,1.676,80.3
28,M,88,NEITHER,2,2,1.732,77.3
20,M,88,BOTH,1,1,2.042,85
26,M,88,NEITHER,1,2,1.88,81.7
28,M,88,NEITHER,1,1,1.88,88
24,M,88,BOTH,1,1,1.831,100
20,M,88,GLASSES,1,1,1.856,101.4
27,M,88,CONTACTS,1,4,1.807,74.2
21,M,88,NEITHER,2,1,1.796,85.1
20,M,88,NEITHER,1,1,1.705,58.5
23,M,88,NEITHER,1,2,1.757,81.5
23,M,88,GLASSES,1,2,1.812,99.8
24,M,88,NEITHER,1,1,1.708,67
26,M,88,NEITHER,1,4,1.757,81.6
23,M,88,NEITHER,1,1,1.785,95.5
25,M,88,NEITHER,1,2,1.762,88.4
25,M,88,GLASSES,1,1,1.841,73.5
23,M,88,GLASSES,1,1,1.674,63.2
22,M,88,NEITHER,1,1,1.725,80.9
28,M,88,NEITHER,1,1,1.73,76.6
25,M,88,NEITHER,1,1,1.701,77.9
20,M,88,GLASSES,1,1,1.774,81.3
21,M,88,GLASSES,2,1,1.845,82.6
26,M,88,NEITHER,1,2,1.774,82.3
27,M,88,NEITHER,1,2,1.756,76.7
20,M,88,NEITHER,2,1,1.692,67.3
22,M,88,NEITHER,1,1,1.902,73.3
22,M,88,NEITHER,1,1,1.755,77.3
24,M,88,GLASSES,2,1,1.7,85.4
20,M,88,NEITHER,1,1,1.834,102.1
25,M,88,NEITHER,2,2,1.832,89.2
23,M,88,GLASSES,NA,1,1.68,57.7
23,M,88,NEITHER,1,2,1.768,76.5
24,M,88,NEITHER,1,1,1.84,84
20,M,88,GLASSES,1,1,1.741,82.8
27,M,88,NEITHER,1,2,1.843,88.2
26,M,88,GLASSES,1,4,1.862,92.4
21,M,88,GLASSES,1,1,1.787,70.8
28,M,88,NEITHER,1,2,1.776,69.8
27,M,88,NEITHER,1,2,1.826,85.1
20,M,88,NA,1,1,1.847,70.3
21,M,88,NEITHER,1,1,1.796,85.5
22,M,88,NEITHER,1,1,1.783,72.8
20,M,88,NEITHER,1,1,1.791,71.8
28,M,88,NEITHER,1,1,1.735,68.8
23,M,88,NEITHER,1,1,1.785,78.6
27,M,88,NEITHER,1,1,1.693,65.3
25,M,88,NEITHER,1,1,1.694,60.2
20,M,88,NEITHER,1,1,1.718,72
22,M,88,NEITHER,1,1,1.756,83.4
27,M,88,NEITHER,1,1,1.785,80.8
23,M,88,BOTH,1,4,1.762,78.3
28,M,88,NEITHER,1,2,1.834,90.9
21,M,88,GLASSES,1,1,1.767,66.7
24,M,88,GLASSES,1,1,1.693,62.8
23,M,88,NEITHER,2,1,1.673,65.6
20,M,88,NEITHER,1,1,1.715,63.3
26,M,88,NEITHER,1,2,1.787,70.1
24,M,88,NEITHER,1,2,1.743,94.2
22,M,88,NEITHER,1,1,1.762,89.2
23,M,88,NEITHER,1,1,1.81,85.3
23,M,88,NEITHER,1,1,1.694,65.3
20,M,88,NEITHER,1,1,1.774,86.7
25,M,88,NEITHER,1,1,1.847,94.3
23,M,88,NEITHER,1,1,1.759,79.1
29,M,88,GLASSES,1,1,1.725,69
28,M,88,GLASSES,1,3,1.795,78.2
20,M,88,NEITHER,1,1,1.768,71.3
25,M,88,NEITHER,1,1,1.664,56.2
22,M,88,GLASSES,1,1,1.744,81.3
24,M,88,NEITHER,2,2,1.87,86.3
25,M,88,NEITHER,1,1,1.868,82.1
21,M,88,NEITHER,1,1,1.835,66.2
27,M,88,GLASSES,1,2,1.728,87
20,M,88,NEITHER,2,1,1.762,78.1
20,M,88,NEITHER,1,1,1.845,90.2
28,M,88,GLASSES,1,2,1.822,92
23,M,88,GLASSES,1,1,1.769,84.7
27,M,88,NEITHER,2,2,1.77,105.9
21,M,88,NEITHER,2,1,1.765,79.9
20,M,88,NEITHER,1,1,1.723,74.3
27,M,88,NEITHER,2,1,1.811,89
25,M,88,GLASSES,1,1,1.711,78.4
25,M,88,NEITHER,1,2,1.745,73.7
24,M,88,GLASSES,1,2,1.615,61.9
21,M,88,NEITHER,1,1,1.775,76.5
24,M,88,NEITHER,1,1,1.786,81.2
26,M,88,GLASSES,1,1,1.795,78.7
29,M,88,NEITHER,1,4,1.879,90
21,M,88,NEITHER,1,2,1.734,77.9
26,M,88,GLASSES,1,2,1.837,75.4
22,M,88,NEITHER,1,1,1.721,77.9
24,M,88,NEITHER,1,1,1.75,84.2
20,M,88,NEITHER,1,2,1.694,76.7
21,M,88,NEITHER,1,1,1.801,84.8
24,M,88,NEITHER,2,1,1.713,77.1
22,M,88,NEITHER,1,2,1.733,85.2
28,M,88,NEITHER,1,2,1.838,75.7
22,M,88,BOTH,1,2,1.837,68.4
20,M,88,GLASSES,1,1,1.704,59.6
27,M,88,NEITHER,1,2,1.795,85.5
21,M,88,NEITHER,1,1,1.742,66
28,M,88,GLASSES,2,1,1.806,73.2
24,M,88,NEITHER,1,1,1.753,81.7
22,M,88,NEITHER,1,2,1.94,80.4
26,M,88,GLASSES,1,2,1.773,78.5
25,M,88,GLASSES,1,1,1.807,74
22,M,88,BOTH,1,2,1.71,62.2
28,M,88,NEITHER,1,4,1.726,78.3
29,M,88,NEITHER,1,4,1.782,82
26,M,88,GLASSES,2,2,1.855,91.8
21,M,88,NEITHER,1,1,1.717,65.3
26,M,88,NEITHER,1,4,1.871,84.2
24,M,88,NEITHER,1,1,1.756,90.3
20,M,88,GLASSES,2,1,1.766,73.3
22,M,88,NEITHER,1,1,1.743,79.2
22,M,88,NEITHER,1,1,1.785,100.4
29,M,88,NEITHER,1,4,1.842,94
25,M,88,NEITHER,1,1,1.774,65.5
21,M,88,NEITHER,1,2,1.753,82.4
21,M,88,NEITHER,1,1,1.8,80.8
24,M,88,GLASSES,1,1,1.82,89.5
26,M,88,GLASSES,1,4,1.752,74.1
26,M,88,NEITHER,1,2,1.835,85.2
25,M,88,NEITHER,1,1,1.664,60.6
23,M,88,NEITHER,1,1,1.695,74
23,M,88,BOTH,1,1,1.685,58.6
22,M,88,NEITHER,1,1,1.82,66.8
20,M,88,NEITHER,2,1,1.808,97.8
23,M,88,NEITHER,1,1,1.915,84.7
23,M,88,NEITHER,1,2,1.645,70.8
21,M,88,NEITHER,1,1,1.76,82.7
29,M,88,GLASSES,1,2,1.862,93.9
28,M,88,NEITHER,1,1,1.738,68.8
22,M,88,NEITHER,1,1,1.662,64.6
20,M,88,NEITHER,1,1,1.813,74.9
25,M,88,NEITHER,1,2,1.786,81.9
22,M,88,NEITHER,1,1,1.739,72.9
25,M,88,NEITHER,1,2,1.837,88.6
20,M,88,NEITHER,2,1,1.698,78.5
29,M,88,NEITHER,2,2,1.897,91.4
23,M,88,NEITHER,1,1,1.796,93
21,M,88,NEITHER,1,1,1.728,69.2
23,M,88,NEITHER,1,1,1.799,91.7
20,M,88,BOTH,1,1,1.811,76.6
21,M,88,NEITHER,1,1,1.798,81.6
29,M,88,GLASSES,2,1,1.758,71.7
21,M,88,NEITHER,1,1,1.865,113.7
26,M,88,NEITHER,1,3,1.767,86.5
24,M,88,NEITHER,1,4,1.695,70.6
24,M,88,NEITHER,1,4,1.823,73.4
24,M,88,NEITHER,1,4,1.83,84.5
27,M,88,NEITHER,1,3,1.859,90.9
21,M,88,NEITHER,1,3,1.703,64.2
29,M,88,NEITHER,1,3,1.711,75.9
24,M,88,NEITHER,1,4,1.85,80.9
25,M,88,NEITHER,1,4,1.678,62.3
28,M,88,GLASSES,1,4,1.751,74.7
27,M,88,NEITHER,1,3,1.784,70.4
27,M,88,NEITHER,1,2,1.836,92.7
28,M,88,NEITHER,1,3,1.741,74.6
20,M,88,NEITHER,1,3,1.806,84.3
22,M,88,NEITHER,1,3,1.816,78
26,M,88,NEITHER,1,4,1.9,92.7
26,M,88,NEITHER,1,4,1.712,71.3
25,M,88,GLASSES,1,4,1.863,84.4
29,M,88,NEITHER,1,4,1.755,68.5
23,M,88,NEITHER,1,3,1.698,73.5
26,M,88,NEITHER,1,3,1.732,89.3
21,M,88,NEITHER,1,3,1.771,75.5
24,M,88,NEITHER,1,3,1.73,73
24,M,88,GLASSES,1,4,1.765,80.7
22,M,88,NEITHER,1,1,1.732,71.2
21,M,88,GLASSES,1,1,1.777,65.4
26,M,88,GLASSES,1,1,1.82,76.7
22,M,88,NEITHER,1,1,1.723,63.6
20,M,88,NEITHER,1,1,1.595,64.2
20,M,88,NEITHER,2,1,1.775,90
20,M,88,NEITHER,1,1,1.66,59.5
29,M,88,NEITHER,1,2,1.63,62
22,M,88,NEITHER,1,1,1.834,74.1
23,M,88,NEITHER,2,1,1.69,73.1
24,M,88,NEITHER,1,1,1.721,82.4
21,M,88,NEITHER,1,1,1.713,64.2
28,M,88,NEITHER,1,2,1.7,71.8
23,M,88,NEITHER,2,1,1.692,86.1
28,M,88,NEITHER,1,2,1.771,83.4
23,M,88,NEITHER,1,2,1.704,64.5
20,M,88,NEITHER,1,1,1.756,65
26,M,88,NEITHER,1,2,1.79,84.6
21,M,88,NEITHER,1,1,1.766,82.4
26,M,88,NEITHER,1,1,1.805,85.8
27,M,88,NEITHER,1,1,1.893,104.7
29,M,88,NEITHER,1,2,1.805,89.5
26,M,88,NEITHER,1,2,1.881,72.4
22,M,88,NEITHER,1,1,1.79,92.6
22,M,88,NEITHER,1,1,1.876,85.5
20,M,88,GLASSES,1,1,1.763,89.3
26,M,88,NEITHER,2,1,1.924,112.8
22,M,88,NEITHER,1,1,1.778,70.4
21,M,88,NEITHER,1,1,1.821,88.1
24,M,88,NEITHER,1,1,1.869,79
20,M,88,NEITHER,1,1,1.744,68.8
27,M,88,GLASSES,2,2,1.718,77.4
23,M,88,NEITHER,1,1,1.79,75.1
25,M,88,NEITHER,1,1,1.807,79.3
24,M,88,GLASSES,1,4,1.777,89.7
21,M,88,NEITHER,1,1,1.781,70.2
26,M,88,NEITHER,1,1,1.763,90.8
20,M,88,NEITHER,1,1,1.688,80.8
23,M,88,NEITHER,1,1,1.755,67.1
22,M,88,NEITHER,2,1,1.633,73.2
25,M,88,NEITHER,1,1,1.677,65.8
22,M,88,NEITHER,1,1,1.752,71.9
29,M,88,NEITHER,1,2,1.748,76.6
24,M,88,GLASSES,1,1,1.806,76.7
20,M,88,NEITHER,1,1,1.906,124.3
23,M,88,GLASSES,1,1,1.847,95.9
23,M,88,GLASSES,1,1,1.661,62.6
23,M,88,GLASSES,1,1,1.786,67.8
25,M,88,NEITHER,2,1,1.81,90.1
25,M,88,NEITHER,1,1,1.763,67.9
24,M,88,GLASSES,1,1,1.728,82.1
23,M,88,GLASSES,1,2,1.658,76.1
21,M,88,NEITHER,1,1,1.805,83
29,M,88,NEITHER,1,2,1.778,67
20,M,88,NEITHER,1,1,1.803,95.7
22,M,88,GLASSES,1,1,1.757,91.6
28,M,88,NEITHER,1,1,1.684,55.1
21,M,88,GLASSES,1,1,1.712,84.4
25,M,88,NEITHER,2,2,1.736,72.5
21,M,88,NEITHER,1,1,1.756,82.4
28,M,88,NEITHER,1,1,1.835,86.4
22,M,88,NEITHER,1,1,1.678,70.9
25,M,88,BOTH,1,2,1.835,87.8
20,M,88,GLASSES,1,1,1.708,63.7
23,M,88,NEITHER,1,1,1.676,67.2
20,M,88,NEITHER,1,1,1.76,81.8
22,M,88,GLASSES,1,1,1.685,79
27,M,88,NEITHER,1,2,1.812,77
21,M,88,NEITHER,1,1,1.611,66
25,M,88,NEITHER,1,1,1.71,68.9
20,M,88,NEITHER,1,1,1.642,66.1
20,M,88,NEITHER,1,1,1.715,72.6
24,M,88,NEITHER,2,1,1.63,69.4
21,M,88,GLASSES,1,1,1.626,63.8
24,M,88,BOTH,1,1,1.658,86.3
24,M,88,NEITHER,1,2,1.775,89.8
27,M,88,NEITHER,1,2,1.744,86.8
21,M,88,GLASSES,1,1,1.755,83.7
21,M,88,NEITHER,1,1,1.767,73.3
20,M,88,CONTACTS,1,1,1.653,69.5
20,M,88,NEITHER,1,1,1.749,80.8
24,M,88,BOTH,1,1,1.703,70.5
20,M,88,NEITHER,1,1,1.868,85.2
21,M,88,NEITHER,1,1,1.855,83.4
22,M,88,NEITHER,1,1,1.841,76
25,M,88,NEITHER,1,1,1.742,90.4
22,M,88,NEITHER,2,1,1.812,83
25,M,88,NEITHER,2,1,1.757,88.7
20,M,88,GLASSES,1,1,1.798,86.2
25,M,88,NEITHER,1,1,1.815,72.5
21,M,88,NEITHER,1,1,1.818,66.4
20,M,88,NEITHER,1,1,1.713,80.7
21,M,88,NEITHER,1,1,1.732,68.8
20,M,88,NEITHER,1,1,1.699,66
20,M,88,GLASSES,1,1,1.797,70.7
20,M,88,NEITHER,1,1,1.731,71.4
21,M,88,NEITHER,1,1,1.786,75
21,M,88,NEITHER,1,1,1.674,78.4
20,M,88,NEITHER,1,1,1.745,89.2
29,F,87,GLASSES,1,2,1.836,74.5
20,F,87,GLASSES,1,1,1.524,54.8
23,F,87,NEITHER,1,1,1.836,80.6
22,F,87,NEITHER,1,2,1.662,60.3
24,F,87,GLASSES,1,1,1.621,53.8
27,F,87,BOTH,2,4,1.648,51.8
26,F,87,NEITHER,1,4,1.633,60.9
28,F,87,BOTH,1,4,1.646,58.5
24,F,87,NEITHER,1,4,1.636,84.8
25,F,87,CONTACTS,1,4,1.654,54.3
20,F,87,NEITHER,1,1,1.656,65
27,F,87,NEITHER,1,4,1.682,67.4
27,F,87,NEITHER,1,1,1.683,61
27,F,87,CONTACTS,2,4,1.663,67.7
26,F,87,NEITHER,1,2,1.681,55.3
25,F,87,GLASSES,1,4,1.627,60.3
26,F,87,GLASSES,1,4,1.808,68.3
28,F,87,GLASSES,1,1,1.656,64.5
27,F,87,NEITHER,1,2,1.657,69.4
27,F,87,NEITHER,1,1,1.596,57.8
20,F,87,BOTH,1,1,1.675,54.4
27,F,87,GLASSES,1,2,1.595,65.7
26,F,87,NEITHER,1,2,1.706,76
26,F,87,GLASSES,1,1,1.61,59.6
23,F,87,GLASSES,1,1,1.599,59
23,F,87,GLASSES,1,4,1.746,63.8
27,F,87,BOTH,1,2,1.599,50.1
29,F,87,NEITHER,1,1,1.557,59.5
25,F,87,CONTACTS,1,4,1.615,60.3
28,F,87,NEITHER,1,2,1.59,61.3
25,F,87,NEITHER,1,1,1.583,64.6
25,F,87,NEITHER,1,2,1.578,58.9
20,F,87,NEITHER,1,1,1.569,53.9
20,F,87,NEITHER,1,1,1.45,49.7
20,F,87,NEITHER,1,1,1.723,62
26,F,87,NEITHER,1,2,1.502,47.6
22,F,87,NEITHER,1,1,1.668,63.5
22,F,87,BOTH,1,2,1.524,55.8
25,F,87,NEITHER,2,2,1.615,64.6
27,F,87,NEITHER,1,1,1.599,66.6
25,F,87,BOTH,1,1,1.609,63.5
20,F,87,NEITHER,2,1,1.753,68.1
29,F,87,GLASSES,1,1,1.72,74.4
24,F,87,GLASSES,1,2,1.595,68.2
22,F,87,NEITHER,1,2,1.656,55.1
20,F,87,NEITHER,1,1,1.703,65.4
27,F,87,GLASSES,1,1,1.608,68.6
20,F,87,NEITHER,2,1,1.649,63.5
22,F,87,CONTACTS,1,2,1.712,66.1
22,F,87,GLASSES,1,1,1.635,66.9
23,F,87,CONTACTS,1,1,1.691,57.9
26,F,87,NEITHER,1,1,1.588,61.4
21,F,87,GLASSES,1,1,1.645,60.4
22,F,87,NEITHER,1,1,1.633,52
25,F,87,NEITHER,1,1,1.747,73.7
25,F,87,NEITHER,1,1,1.657,57.5
29,F,87,GLASSES,1,2,1.5,59.1
27,F,87,NEITHER,1,1,1.529,49.2
21,F,87,NEITHER,1,1,1.669,57.7
25,F,87,NEITHER,1,4,1.625,55
20,F,87,NEITHER,1,1,1.596,60
21,F,87,BOTH,1,1,1.58,55.4
20,F,87,GLASSES,1,1,1.534,57.3
21,F,87,NEITHER,1,1,1.627,51.7
22,F,87,GLASSES,1,1,1.608,59.4
22,F,87,NEITHER,1,1,1.667,66.1
25,F,87,BOTH,1,1,1.601,59.2
28,F,87,GLASSES,2,NA,1.534,51.6
23,F,87,NEITHER,1,1,1.636,54.9
29,F,87,NEITHER,1,1,1.585,45.5
26,F,87,NEITHER,1,2,1.557,57.7
20,F,87,NEITHER,1,1,1.663,70.8
20,F,87,GLASSES,1,1,1.675,59.4
26,F,87,BOTH,2,2,1.637,50
21,F,87,NEITHER,1,1,1.568,47.7
20,F,87,NEITHER,1,1,1.551,60.5
27,F,87,BOTH,1,1,1.533,50.6
25,F,87,NEITHER,1,2,1.547,47.2
22,F,87,NEITHER,1,1,1.787,77.7
27,F,87,NEITHER,1,2,1.56,55.9
26,F,87,NEITHER,1,2,1.61,67.8
26,F,87,GLASSES,1,2,1.597,69.5
23,F,87,NEITHER,1,1,1.652,63.1
22,F,87,NEITHER,1,1,1.606,61.3
20,F,87,CONTACTS,1,1,1.518,51.3
25,F,87,GLASSES,1,1,1.501,59.1
27,F,87,GLASSES,1,2,1.579,64.9
23,F,87,NEITHER,1,1,1.602,60.3
21,F,87,NEITHER,1,2,1.592,58.6
26,F,87,GLASSES,1,4,1.785,66.6
22,F,87,GLASSES,1,2,1.616,54.6
21,F,87,NEITHER,1,1,1.611,56.6
28,F,87,BOTH,1,1,1.62,52.9
27,F,87,GLASSES,1,2,1.624,57.8
27,F,87,NEITHER,1,1,1.623,55.4
21,F,87,GLASSES,1,1,1.704,60.6
24,F,87,BOTH,1,1,1.559,52
27,F,87,BOTH,1,2,1.693,63.4
23,F,87,GLASSES,1,1,1.577,53.2
28,F,87,NEITHER,1,4,1.684,65.5
23,F,87,BOTH,1,1,1.738,70
21,F,87,NEITHER,1,1,1.634,57.6
20,F,87,NEITHER,1,1,1.695,64.4
21,F,87,NEITHER,2,1,1.577,68.5
26,F,87,BOTH,2,2,1.647,57.4
25,F,87,NEITHER,1,1,1.61,67.7
29,F,87,NEITHER,1,1,1.64,61.5
29,F,87,NEITHER,1,2,1.608,58.7
25,F,87,NEITHER,1,1,1.614,63
25,F,87,NEITHER,1,1,1.665,63.6
27,F,87,NEITHER,1,2,1.507,49.4
20,F,87,NEITHER,1,1,1.62,60.8
29,F,87,NEITHER,1,2,1.693,62.5
24,F,87,NEITHER,2,1,1.558,45.7
24,F,87,NEITHER,1,1,1.783,72.4
26,F,87,NEITHER,1,2,1.609,55.1
23,F,87,NEITHER,1,1,1.649,59
26,F,87,NEITHER,1,2,1.628,52.8
21,F,87,NEITHER,1,1,1.597,58.7
22,F,87,GLASSES,1,1,1.66,57.5
20,F,87,NEITHER,1,1,1.569,47.7
26,F,87,CONTACTS,1,2,1.667,55.5
25,F,87,BOTH,1,2,1.564,51.9
23,F,87,NEITHER,1,1,1.535,49.4
25,F,87,NEITHER,1,2,1.63,54.1
22,F,87,GLASSES,2,1,1.578,71
27,F,87,NEITHER,1,2,1.72,62.7
23,F,87,GLASSES,1,4,1.651,53.5
20,F,87,NEITHER,1,1,1.639,62.4
24,F,87,GLASSES,1,2,1.584,61.5
21,F,87,NEITHER,1,1,1.572,59.5
21,F,87,GLASSES,1,1,1.56,49.7
28,F,87,NEITHER,1,2,1.722,80.1
26,F,87,GLASSES,2,1,1.624,72.7
22,F,87,NEITHER,1,1,1.624,62.8
23,F,87,NEITHER,1,4,1.578,59.2
21,F,87,GLASSES,1,1,1.708,63.1
23,F,87,NEITHER,2,2,1.579,53.3
23,F,87,GLASSES,2,2,1.469,57.8
23,F,87,NEITHER,1,1,1.544,63.5
24,F,87,GLASSES,2,1,1.707,59.5
25,F,87,NEITHER,1,2,1.591,74
23,F,87,GLASSES,1,1,1.715,58
27,F,87,NEITHER,1,1,1.637,51.9
20,F,87,NEITHER,1,1,1.62,57.4
23,F,87,GLASSES,2,1,1.595,60.8
24,F,87,NEITHER,1,1,1.593,65.4
20,F,87,BOTH,1,1,1.691,65.6
22,F,87,NEITHER,2,1,1.677,70.6
22,F,87,BOTH,2,1,1.618,62
26,F,87,NEITHER,1,1,1.596,74.5
26,F,87,GLASSES,1,2,1.68,74.1
23,F,87,BOTH,2,2,1.741,70.1
23,F,87,NEITHER,1,1,1.56,66.7
27,F,87,GLASSES,2,1,1.591,58.3
23,F,87,GLASSES,1,1,1.601,70
25,F,87,NEITHER,1,2,1.671,53
20,F,87,GLASSES,1,1,1.566,59.5
21,F,87,BOTH,1,1,1.562,64.3
25,F,87,GLASSES,1,2,1.6,68.7
22,F,87,GLASSES,1,1,1.603,63.2
23,F,87,NEITHER,1,4,1.652,61
25,F,87,BOTH,1,4,1.728,59.5
23,F,87,GLASSES,1,1,1.606,52.5
26,F,87,BOTH,1,1,1.741,70.8
22,F,87,GLASSES,1,1,1.665,59.8
27,F,87,GLASSES,1,1,1.578,56
25,F,87,NEITHER,1,1,1.688,73.8
27,F,87,GLASSES,1,2,1.684,61.3
23,F,87,GLASSES,2,1,1.64,64.8
23,F,87,NEITHER,1,2,1.602,64.4
21,F,87,NEITHER,1,1,1.552,62.2
24,F,87,NEITHER,1,1,1.597,66.4
24,F,87,NEITHER,1,1,1.58,55
24,F,87,GLASSES,1,1,1.764,83.2
22,F,87,NEITHER,1,1,1.598,67.6
23,F,87,NEITHER,1,1,1.711,66.7
26,F,87,GLASSES,1,2,1.647,56.6
21,F,87,NEITHER,1,1,1.544,58.5
24,F,87,GLASSES,1,1,1.574,48.7
22,F,87,NEITHER,1,1,1.575,66.4
24,F,87,GLASSES,1,1,1.566,50.8
24,F,87,GLASSES,1,1,1.521,50.2
21,F,87,GLASSES,1,1,1.722,65.9
27,F,87,BOTH,1,2,1.487,63.5
27,F,87,BOTH,1,4,1.746,67
29,F,87,BOTH,1,1,1.588,71.9
23,F,87,CONTACTS,1,1,1.647,69.5
21,F,87,NEITHER,1,1,1.578,53.1
21,F,87,NEITHER,1,1,1.69,58.7
22,F,87,GLASSES,1,1,1.53,55.2
20,F,87,NEITHER,2,1,1.625,60.2
23,F,87,GLASSES,1,1,1.697,58.3
24,F,87,CONTACTS,1,1,1.772,75.6
29,F,87,NEITHER,2,2,1.563,60.5
27,F,87,NEITHER,1,4,1.454,51.5
25,F,87,NEITHER,1,1,1.702,59.8
20,F,87,CONTACTS,2,1,1.675,65.6
21,F,87,NEITHER,1,1,1.578,54.5
21,F,87,GLASSES,1,1,1.608,66.8
23,F,87,GLASSES,2,2,1.625,64.1
26,F,87,NEITHER,1,4,1.737,61.2
25,F,87,NEITHER,2,1,1.769,57.1
24,F,87,NEITHER,1,1,1.59,52.9
24,F,87,NEITHER,1,1,1.54,47.4
25,F,87,NEITHER,2,1,1.662,60.1
22,F,87,NEITHER,1,1,1.624,61
23,F,87,GLASSES,2,1,1.702,79.3
29,F,87,GLASSES,1,2,1.626,64.6
21,F,87,NEITHER,1,1,1.705,71.2
29,F,87,GLASSES,2,1,1.629,60.2
28,F,87,GLASSES,1,2,1.68,77
26,F,87,NEITHER,1,1,1.61,58.5
25,F,87,NEITHER,1,4,1.622,60.9
24,F,87,BOTH,1,4,1.64,60.4
21,F,87,NEITHER,1,1,1.592,56.4
24,F,87,NA,1,1,1.641,63.3
25,F,87,GLASSES,1,1,1.639,51.1
29,F,87,GLASSES,1,2,1.611,62.3
21,F,87,NEITHER,1,1,1.568,46.7
29,F,87,GLASSES,1,2,1.606,59
23,F,87,NEITHER,1,1,1.662,69.2
26,F,87,NEITHER,1,2,1.592,56.3
25,F,87,NEITHER,1,2,1.599,64
27,F,87,GLASSES,1,1,1.681,64.6
22,F,87,NEITHER,1,1,1.518,47.2
24,F,87,BOTH,1,2,1.706,73.4
24,F,87,GLASSES,1,1,1.594,65.5
29,F,87,GLASSES,1,4,1.58,56.3
28,F,87,NEITHER,1,2,1.738,88.7
28,F,87,GLASSES,1,2,1.667,70.5
25,F,87,NEITHER,1,2,1.576,63.9
26,F,87,NEITHER,1,4,1.595,61.5
21,F,87,NEITHER,1,1,1.685,60
23,F,87,GLASSES,1,4,1.67,71.9
23,F,87,NEITHER,1,1,1.705,57.5
22,F,87,NEITHER,1,1,1.71,68.6
22,F,87,NEITHER,1,1,1.522,56.7
24,F,87,NEITHER,1,1,1.653,52.5
26,F,87,GLASSES,1,1,1.731,65.7
25,F,87,NEITHER,1,1,1.572,55.8
23,F,87,NEITHER,1,1,1.57,63.8
27,F,87,NEITHER,1,4,1.558,47.5
20,F,87,NEITHER,1,1,1.565,60.2
22,F,87,NEITHER,1,1,1.584,62.3
25,F,87,CONTACTS,1,1,1.63,53.2
24,F,87,GLASSES,1,1,1.541,50.4
22,F,87,BOTH,1,1,1.663,62.3
29,F,87,NEITHER,1,2,1.591,67.4
20,F,87,NEITHER,1,1,1.603,58
29,F,87,GLASSES,1,1,1.545,51.8
22,F,87,BOTH,1,1,1.582,51.5
20,F,87,NEITHER,1,1,1.606,49.2
20,F,87,NEITHER,1,1,1.592,55.2
21,F,87,NEITHER,1,1,1.708,60.9
23,F,87,GLASSES,1,1,1.592,62.7
24,F,87,NEITHER,1,1,1.752,66.9
22,F,87,NEITHER,1,1,1.653,63.5
24,F,87,BOTH,1,1,1.641,61.6
21,F,87,NEITHER,1,1,1.518,69.5
21,F,87,GLASSES,1,1,1.629,60
26,F,87,CONTACTS,1,1,1.73,58.2
22,F,87,NEITHER,1,1,1.576,58.3
21,F,87,CONTACTS,1,1,1.663,66.3
24,F,87,GLASSES,1,2,1.619,56.7
29,F,87,NEITHER,1,2,1.64,64.8
28,F,87,BOTH,1,2,1.578,58.1
25,F,87,NEITHER,1,4,1.752,82.8
25,F,87,CONTACTS,1,2,1.603,70.6
24,F,87,NEITHER,1,2,1.713,58
21,F,87,NEITHER,1,1,1.632,56.1
25,F,87,NEITHER,1,4,1.628,61.3
28,F,87,NEITHER,1,4,1.726,61
27,F,87,NEITHER,2,2,1.61,57
28,F,87,NEITHER,1,2,1.606,68.5
23,F,87,GLASSES,1,1,1.628,58
26,F,87,NEITHER,1,2,1.571,60.4
26,F,87,BOTH,1,1,1.691,58.4
23,F,87,CONTACTS,1,1,1.609,64.2
23,F,87,BOTH,1,1,1.68,69.1
20,F,87,GLASSES,2,1,1.649,71.4
28,F,87,NEITHER,2,1,1.662,52.6
21,F,87,NEITHER,1,1,1.638,51.3
22,F,87,NEITHER,1,1,1.624,60.9
29,F,87,GLASSES,2,2,1.665,79.3
23,F,87,BOTH,1,1,1.696,67.7
27,F,87,NEITHER,1,2,1.566,54.8
29,F,87,NEITHER,1,2,1.632,59.9
27,F,87,BOTH,1,2,1.717,68.4
22,F,87,NEITHER,1,1,1.68,55.3
23,F,87,GLASSES,1,1,1.626,56.5
23,F,87,GLASSES,1,1,1.679,67.5
23,F,87,GLASSES,1,4,1.673,65.2
28,F,87,NEITHER,1,1,1.589,62.4
27,F,87,CONTACTS,1,2,1.608,54.8
24,F,87,NEITHER,1,1,1.607,70
29,F,87,GLASSES,1,1,1.724,60.2
20,F,87,BOTH,2,1,1.623,54
20,F,87,NEITHER,2,1,1.58,67
24,F,87,NEITHER,2,2,1.786,64.2
26,F,87,BOTH,1,2,1.563,78.8
25,F,87,NEITHER,1,1,1.648,55.1
23,F,87,NEITHER,1,1,1.611,62.9
27,F,87,GLASSES,1,2,1.578,53.3
21,F,87,NEITHER,1,1,1.648,59.5
22,F,87,BOTH,1,4,1.621,56.8
20,F,87,NEITHER,1,1,1.628,66.8
20,F,87,NEITHER,1,1,1.524,50.4
28,F,87,GLASSES,1,1,1.647,59
28,F,87,NEITHER,1,2,1.646,53.4
26,F,87,NEITHER,1,1,1.613,56.8
24,F,87,NEITHER,1,1,1.638,59.6
20,F,87,NEITHER,2,1,1.601,60.2
26,F,87,GLASSES,1,2,1.597,65.8
26,F,87,NEITHER,2,1,1.695,79
22,F,87,NEITHER,1,1,1.583,63.7
25,F,87,GLASSES,1,1,1.588,60
22,F,87,CONTACTS,1,1,1.515,53.1
25,F,87,GLASSES,1,1,1.542,54.7
22,F,87,GLASSES,1,1,1.647,63.8
29,F,87,NEITHER,1,1,1.576,61.9
20,F,87,NEITHER,1,1,1.647,66.1
20,F,87,NEITHER,1,1,1.68,67.4
27,F,87,BOTH,1,1,1.705,69
22,F,87,NEITHER,1,1,1.596,56.6
23,F,87,NEITHER,1,1,1.652,65.7
22,F,87,NEITHER,1,1,1.633,57.4
24,F,87,GLASSES,2,4,1.573,52.8
26,F,87,NEITHER,1,1,1.545,47.7
23,F,87,CONTACTS,1,1,1.735,63.2
22,F,87,NEITHER,1,1,1.662,57.1
22,F,87,GLASSES,2,1,1.637,69.5
26,F,87,GLASSES,1,1,1.639,57.4
21,F,87,NEITHER,1,1,1.667,67.3
22,F,87,NEITHER,1,1,1.682,74.4
23,F,87,NEITHER,1,1,1.612,61.1
21,F,87,NEITHER,1,2,1.647,56.9
24,F,87,CONTACTS,1,1,1.685,52.5
27,F,87,NEITHER,1,1,1.617,69.2
22,F,87,CONTACTS,1,1,1.682,60.4
24,F,87,CONTACTS,1,4,1.659,56.5
20,F,87,NEITHER,1,1,1.664,65.7
28,F,87,NEITHER,1,1,1.774,71.7
23,F,87,BOTH,1,4,1.551,61.8
28,F,87,NEITHER,1,1,1.618,54.8
27,F,87,NEITHER,1,1,1.608,56.7
27,F,87,GLASSES,2,2,1.588,64
21,F,87,NEITHER,1,1,1.67,58.2
24,F,87,NEITHER,1,1,1.708,64.2
21,F,87,NEITHER,2,1,1.66,63.1
24,F,87,BOTH,1,4,1.63,50.6
26,F,87,NEITHER,1,2,1.602,54.3
26,F,87,GLASSES,1,2,1.678,58.6
23,F,87,NEITHER,1,2,1.534,60.2
25,F,87,CONTACTS,1,2,1.655,60.7
23,F,87,NEITHER,1,1,1.634,68.6
23,F,87,BOTH,1,2,1.685,62.3
29,F,87,NEITHER,1,1,1.653,66.5
24,F,87,GLASSES,1,1,1.706,68.9
26,F,87,NEITHER,1,2,1.717,71.2
20,F,87,NEITHER,2,1,1.655,56.3
23,F,87,BOTH,1,1,1.656,55.7
21,F,87,GLASSES,1,1,1.637,61.5
25,F,87,GLASSES,1,1,1.696,68.1
24,F,87,NEITHER,1,1,1.634,63.8
23,F,87,BOTH,1,2,1.634,56.8
25,F,87,NEITHER,1,1,1.657,60.1
25,F,87,BOTH,1,1,1.741,55
23,F,87,NEITHER,1,1,1.731,60.6
27,F,87,BOTH,2,2,1.654,69.9
24,F,87,NEITHER,2,1,1.583,51.1
28,F,87,GLASSES,1,4,1.62,72.3
21,F,87,BOTH,1,1,1.593,64.7
25,F,87,GLASSES,1,2,1.653,51.2
29,F,87,NEITHER,2,4,1.735,52.9
23,F,87,NEITHER,1,4,1.582,52.7
21,F,87,NEITHER,1,1,1.685,65.9
27,F,87,NEITHER,1,2,1.71,62.6
24,F,87,NEITHER,2,1,1.572,50.5
26,F,87,GLASSES,1,2,1.68,60.3
21,F,87,GLASSES,1,1,1.705,74.9
23,F,87,NEITHER,1,1,1.644,57.2
23,F,87,NEITHER,1,4,1.658,49.3
21,F,87,NEITHER,1,2,1.639,53
29,F,87,BOTH,1,2,1.593,55.6
21,F,87,GLASSES,1,1,1.615,58
24,F,87,NEITHER,1,1,1.673,59.4
24,F,87,NEITHER,1,1,1.747,60.5
22,F,87,GLASSES,2,2,1.719,67.1
29,F,87,NEITHER,1,2,1.552,52.8
23,F,87,NEITHER,1,1,1.609,69.5
25,F,87,NEITHER,1,2,1.589,51.9
29,F,87,GLASSES,1,2,1.593,54.1
20,F,87,NEITHER,2,1,1.735,68
21,F,87,NEITHER,1,1,1.603,55.9
25,F,87,GLASSES,1,1,1.607,61
21,F,87,GLASSES,1,1,1.593,54.5
22,F,87,NEITHER,1,1,1.575,58.5
24,F,87,NEITHER,2,4,1.633,60
25,F,87,NEITHER,1,2,1.628,53.6
20,F,87,NEITHER,1,1,1.637,63.1
23,F,87,GLASSES,1,1,1.614,57.2
26,F,87,NEITHER,1,1,1.69,54.8
22,F,87,NEITHER,1,1,1.692,87.5
25,F,87,NEITHER,2,1,1.628,65.8
27,F,87,BOTH,1,1,1.537,63.9
28,F,87,NEITHER,1,2,1.695,90.9
20,F,87,NEITHER,1,1,1.607,65.9
29,F,87,BOTH,1,2,1.646,63.8
25,F,87,NEITHER,1,1,1.636,61.2
21,F,87,NEITHER,1,1,1.636,60.1
26,F,87,GLASSES,1,1,1.67,73.7
27,F,87,NEITHER,1,1,1.567,61.4
21,F,87,BOTH,1,1,1.562,52
23,F,87,GLASSES,1,1,1.717,61.7
22,F,87,NEITHER,2,1,1.604,51
25,F,87,NEITHER,1,2,1.708,78
20,F,87,NEITHER,1,1,1.545,54.2
24,F,87,NEITHER,2,1,1.667,71
22,F,87,BOTH,1,1,1.587,64.8
21,F,87,CONTACTS,1,2,1.705,56
25,F,87,NEITHER,2,2,1.607,78.1
26,F,87,GLASSES,1,1,1.57,62
21,F,87,NEITHER,1,1,1.713,63.1
22,F,87,GLASSES,1,1,1.523,50.8
22,F,87,GLASSES,1,4,1.635,51.9
27,F,87,NEITHER,1,4,1.617,54.7
21,F,87,NEITHER,1,1,1.638,53.3
27,F,87,NEITHER,1,2,1.587,53.1
27,F,87,NEITHER,1,1,1.635,63.6
22,F,87,BOTH,1,1,1.678,64.9
20,F,87,GLASSES,1,1,1.697,81.1
23,F,87,GLASSES,1,2,1.566,64.8
25,F,87,BOTH,1,4,1.572,49.4
20,F,87,GLASSES,1,1,1.571,52.9
21,F,87,NEITHER,1,1,1.642,60.5
23,F,87,NEITHER,1,2,1.623,54
21,F,87,GLASSES,1,1,1.634,55.6
24,F,87,GLASSES,1,1,1.688,75
26,F,87,NEITHER,1,1,1.642,59.5
25,F,87,NEITHER,1,2,1.65,71
24,F,87,NEITHER,1,1,1.785,77.5
24,F,87,NEITHER,1,1,1.608,62.5
29,F,87,NEITHER,1,1,1.718,73.3
26,F,87,GLASSES,1,1,1.728,67.4
21,F,87,NEITHER,1,1,1.653,49.3
23,F,87,GLASSES,1,1,1.675,62.4
26,F,87,NEITHER,1,1,1.558,65.7
27,F,87,NEITHER,1,1,1.635,66.1
28,F,87,NEITHER,1,4,1.639,74.3
26,F,87,NEITHER,1,2,1.622,62.2
25,F,87,NEITHER,1,1,1.632,60
26,F,87,NEITHER,2,4,1.626,63
26,F,87,GLASSES,1,4,1.7,66.1
23,F,87,GLASSES,1,2,1.623,61.1
28,F,87,GLASSES,1,4,1.618,56.4
25,F,87,GLASSES,1,4,1.705,72
27,F,87,NEITHER,2,1,1.763,77.5
23,F,87,NEITHER,1,1,1.635,60
20,F,87,NEITHER,1,1,1.555,51.9
20,F,87,BOTH,1,1,1.728,64
23,F,87,NEITHER,1,1,1.603,63.4
24,F,87,BOTH,1,4,1.525,50.5
24,F,87,NEITHER,1,1,1.775,67.3
20,F,87,GLASSES,1,1,1.658,53.7
20,F,87,BOTH,1,1,1.586,54.5
24,F,88,CONTACTS,1,1,1.636,60.3
22,F,88,CONTACTS,1,1,1.639,56.7
25,F,88,NEITHER,1,4,1.696,64.5
22,F,88,NEITHER,1,1,1.65,58.9
27,F,88,NEITHER,1,2,1.696,59.8
23,F,88,NEITHER,1,1,1.622,65.6
24,F,88,NEITHER,1,1,1.697,60
23,F,88,NEITHER,2,1,1.663,76.2
20,F,88,CONTACTS,1,1,1.603,58.7
26,F,88,NEITHER,1,1,1.57,63.4
26,F,88,BOTH,1,1,1.703,67.5
27,F,88,GLASSES,1,1,1.735,63.2
23,F,88,GLASSES,1,1,1.64,62.4
27,F,88,GLASSES,2,1,1.675,73.7
22,F,88,GLASSES,1,1,1.564,53.3
29,F,88,CONTACTS,2,2,1.736,63.6
24,F,88,NEITHER,1,2,1.644,51.9
21,F,88,GLASSES,1,1,1.777,75.7
24,F,88,GLASSES,1,4,1.466,46.9
26,F,87,GLASSES,1,1,1.537,61.8
26,F,88,NEITHER,1,4,1.7,72.5
25,F,88,NEITHER,1,4,1.587,54.1
25,F,88,BOTH,2,4,1.707,67.1
26,F,88,NEITHER,1,1,1.718,64.6
28,F,88,GLASSES,1,2,1.717,59.2
25,F,88,NEITHER,1,4,1.612,56.4
29,F,88,GLASSES,1,4,1.654,60.1
25,F,88,GLASSES,1,2,1.665,81.5
24,F,88,CONTACTS,1,4,1.545,54.6
20,F,88,NEITHER,2,1,1.666,75.7
28,F,88,NEITHER,1,2,1.583,67.7
22,F,88,BOTH,1,1,1.661,61.5
22,F,88,NEITHER,1,1,1.632,61.6
26,F,88,NEITHER,1,2,1.695,70.8
26,F,88,BOTH,1,1,1.707,67.9
28,F,88,GLASSES,1,2,1.632,65
20,F,88,NEITHER,1,1,1.67,51.8
25,F,88,GLASSES,1,4,1.701,56.1
29,F,88,GLASSES,1,4,1.593,71
22,F,88,NEITHER,1,2,1.725,68.9
26,F,88,NEITHER,1,4,1.683,65.1
26,F,88,NEITHER,1,2,1.692,64.4
20,F,88,NEITHER,1,1,1.551,69.1
20,F,88,CONTACTS,1,1,1.601,63.1
20,F,88,NEITHER,2,1,1.636,59.5
22,F,88,GLASSES,1,1,1.706,61
23,F,88,NEITHER,1,1,1.602,56.8
22,F,88,GLASSES,1,1,1.656,79.1
28,F,88,GLASSES,1,1,1.646,59.1
20,F,88,GLASSES,2,1,1.503,52.3
24,F,88,NEITHER,1,1,1.555,57.3
26,F,88,NEITHER,1,1,1.631,61.1
21,F,88,NEITHER,1,2,1.588,55.6
25,F,88,GLASSES,1,1,1.654,59.6
27,F,88,NEITHER,1,4,1.667,63.7
26,F,88,CONTACTS,1,4,1.696,56.6
26,F,88,NEITHER,1,4,1.723,71.3
24,F,88,NEITHER,1,1,1.667,62.7
26,F,88,BOTH,1,1,1.746,73.2
25,F,88,GLASSES,1,4,1.631,56.4
24,F,88,GLASSES,1,1,1.602,46
26,F,88,GLASSES,1,1,1.713,69.7
27,F,88,NEITHER,2,1,1.577,53.8
24,F,88,NEITHER,1,1,1.701,67.4
25,F,88,BOTH,1,1,1.667,58.4
27,F,88,NEITHER,2,1,1.734,70.5
24,F,88,CONTACTS,1,1,1.686,63.5
20,F,88,NEITHER,1,1,1.666,60.9
26,F,88,GLASSES,2,1,1.685,61.5
28,F,88,BOTH,1,2,1.764,85.1
27,F,88,BOTH,1,2,1.713,65.5
23,F,88,NEITHER,1,1,1.741,73.4
27,F,88,GLASSES,1,2,1.655,63.2
28,F,88,GLASSES,1,2,1.702,67.1
27,F,88,BOTH,1,1,1.759,77.8
29,F,88,BOTH,2,2,1.587,68.9
25,F,88,NEITHER,2,2,1.517,56.3
21,F,88,CONTACTS,1,1,1.736,68.6
26,F,88,BOTH,1,4,1.575,60.7
23,F,88,NEITHER,1,4,1.615,53
21,F,88,NEITHER,1,1,1.576,63
26,F,88,NEITHER,1,2,1.701,59.3
24,F,88,NEITHER,1,1,1.53,50
20,F,88,NEITHER,1,1,1.617,68.7
22,F,88,NEITHER,1,1,1.635,60.5
20,F,88,GLASSES,1,1,1.627,68.9
28,F,88,NEITHER,1,1,1.585,64.2
21,F,88,NEITHER,1,1,1.565,55.4
22,F,88,NEITHER,1,1,1.567,51.4
20,F,88,NEITHER,1,1,1.683,57.1
20,F,88,GLASSES,1,1,1.572,51.5
22,F,88,GLASSES,1,2,1.743,80.5
22,F,88,NEITHER,1,1,1.674,67.4
29,F,88,NEITHER,1,4,1.605,51.4
23,F,88,GLASSES,1,1,1.703,69.1
20,F,88,NEITHER,1,1,1.512,47.4
26,F,88,GLASSES,1,1,1.678,72
25,F,88,GLASSES,1,4,1.677,62.3
23,F,88,NEITHER,1,2,1.572,56.7
24,F,88,NEITHER,1,1,1.627,55.3
20,F,88,BOTH,1,1,1.77,62.3
21,F,88,CONTACTS,1,1,1.703,62.3
20,F,88,NEITHER,1,1,1.578,49.6
20,F,88,GLASSES,1,1,1.514,60.4
20,F,88,CONTACTS,1,1,1.644,66.4
23,F,88,CONTACTS,1,1,1.68,58.8
20,F,88,NEITHER,1,1,1.579,59.8
24,F,88,GLASSES,1,2,1.734,73.1
26,F,88,CONTACTS,1,4,1.545,55.4
22,F,88,NEITHER,1,1,1.513,54.3
24,F,88,NEITHER,1,1,1.578,56.3
22,F,88,NEITHER,1,1,1.492,57.4
24,F,88,GLASSES,1,2,1.525,54.4
20,F,88,GLASSES,1,1,1.738,67.1
21,F,88,BOTH,1,1,1.602,59.6
20,F,88,BOTH,1,1,1.598,65.3
21,F,88,NEITHER,1,1,1.684,59.4
20,F,88,GLASSES,1,1,1.557,53.4
20,F,88,NEITHER,1,1,1.656,58.3
20,F,88,NEITHER,2,1,1.473,46.5
20,F,88,GLASSES,1,1,1.651,61.1
29,F,88,BOTH,1,2,1.685,77.5
25,F,88,BOTH,1,1,1.586,56.9
27,F,88,BOTH,1,2,1.655,64.6
24,F,88,NEITHER,1,1,1.585,56.3
21,F,88,NEITHER,1,1,1.656,64.4
21,F,88,NEITHER,1,1,1.557,53.9
20,F,88,BOTH,1,1,1.592,56.7
20,F,88,BOTH,1,1,1.548,52
23,F,88,BOTH,1,4,1.751,65.9
24,F,88,NEITHER,2,1,1.628,71.2
20,F,88,NEITHER,1,1,1.496,61.9
29,F,88,NEITHER,1,2,1.595,51.6
28,F,88,NEITHER,1,1,1.606,63.7
23,F,88,NEITHER,1,1,1.72,58.3
20,F,88,NEITHER,1,1,1.52,46.6
22,F,88,NEITHER,1,2,1.655,64.9
20,F,88,NEITHER,1,1,1.61,56.9
25,F,88,NEITHER,2,2,1.579,54.8
20,F,88,GLASSES,1,1,1.633,61.6
25,F,88,NEITHER,1,1,1.628,49.6
24,F,88,GLASSES,1,1,1.564,65.9
26,F,88,NEITHER,2,1,1.606,46.6
22,F,88,NEITHER,1,1,1.593,60.5
22,F,88,GLASSES,1,1,1.601,62.5
27,F,88,NEITHER,1,1,1.603,56
23,F,88,BOTH,1,4,1.71,60.5
21,F,88,GLASSES,1,1,1.67,63.4
20,F,88,GLASSES,1,1,1.628,61.9
20,F,88,NEITHER,1,1,1.64,64.1
27,F,88,GLASSES,1,2,1.653,65.6
21,F,88,NEITHER,1,1,1.596,58.9
29,F,88,BOTH,1,2,1.654,81.1
28,F,88,NEITHER,1,2,1.708,63.4
28,F,88,BOTH,1,4,1.65,63.8
22,F,88,BOTH,1,1,1.573,57.4
20,F,88,GLASSES,1,1,1.764,58.5
27,F,88,GLASSES,1,1,1.557,55
25,F,88,BOTH,1,1,1.483,47.4
25,F,88,GLASSES,1,1,1.682,64.2
21,F,88,CONTACTS,1,1,1.576,42.2
22,F,88,GLASSES,1,1,1.772,72.5
23,F,88,NEITHER,1,1,1.756,64.7
22,F,88,NEITHER,1,1,1.671,81.8
22,F,88,NEITHER,1,1,1.687,63.6
26,F,88,GLASSES,1,4,1.55,54.1
23,F,88,NEITHER,1,4,1.697,61.5
28,F,88,GLASSES,1,4,1.731,63.2
27,F,88,GLASSES,1,4,1.582,59.3
20,F,88,NEITHER,1,1,1.576,57.6
24,F,88,NEITHER,1,4,1.768,59.4
23,F,88,NEITHER,1,2,1.567,57.3
26,F,88,GLASSES,2,2,1.592,61.5
29,F,88,BOTH,1,4,1.707,73.4
26,F,88,GLASSES,1,2,1.606,60.3
20,F,88,NEITHER,1,1,1.598,50.8
22,F,88,BOTH,1,1,1.731,73.3
25,F,88,BOTH,1,1,1.707,59.1
20,F,88,NEITHER,1,1,1.626,65.4
21,F,88,CONTACTS,1,1,1.51,57.9
27,F,88,NEITHER,1,1,1.611,60.3
20,F,88,GLASSES,1,1,1.642,60
23,F,88,NEITHER,1,1,1.673,69.4
20,F,88,NEITHER,1,1,1.549,41.4
20,F,88,GLASSES,2,1,1.574,47
24,F,88,NEITHER,1,1,1.556,63.3
29,F,88,NEITHER,1,2,1.606,55.8
22,F,88,NEITHER,1,1,1.585,63.8
21,F,88,GLASSES,2,1,1.61,72
20,F,88,NEITHER,2,1,1.737,68.6
24,F,88,GLASSES,1,1,1.564,65.3
21,F,88,NEITHER,1,1,1.57,72
21,F,88,NEITHER,1,1,1.756,56.6
22,F,88,BOTH,1,1,1.498,42.6
21,F,88,NEITHER,1,1,1.596,61.7
25,F,88,GLASSES,1,4,1.576,57
23,F,88,GLASSES,1,4,1.613,55.3
23,F,88,BOTH,1,1,1.632,60.4
20,F,88,NEITHER,1,1,1.599,68.9
20,F,88,GLASSES,1,1,1.623,66.4
28,F,88,GLASSES,2,2,1.6,56.3
21,F,88,NEITHER,1,1,1.6,61.6
24,F,88,NEITHER,1,4,1.787,65
25,F,88,NEITHER,1,2,1.534,58.9
29,F,88,CONTACTS,1,2,1.793,70.7
26,F,88,BOTH,2,1,1.515,49.9
26,F,88,GLASSES,1,1,1.64,73.8
28,F,88,NEITHER,1,2,1.63,65.4
27,F,88,NEITHER,2,2,1.522,54.1
29,F,88,NEITHER,1,2,1.575,58
24,F,88,BOTH,1,4,1.613,51.4
22,F,88,CONTACTS,1,1,1.617,51.5
24,F,88,NEITHER,1,1,1.607,61.7
29,F,88,NEITHER,2,3,1.537,52.6
24,F,88,GLASSES,1,4,1.545,44.5
28,F,88,NEITHER,1,4,1.743,66.4
23,F,88,NEITHER,1,1,1.612,55.9
20,F,88,NEITHER,1,1,1.706,70.8
21,F,88,BOTH,1,1,1.635,56.5
20,F,88,CONTACTS,1,1,1.563,49.4
20,F,88,NEITHER,1,1,1.569,54.4
23,F,88,NEITHER,1,1,1.552,51.3
26,F,88,BOTH,1,4,1.598,52.3
20,F,88,BOTH,1,1,1.645,68.3
22,F,88,NEITHER,1,1,1.578,56.5
24,F,88,NEITHER,1,1,1.538,72.6
24,F,88,BOTH,1,1,1.564,53.2
22,F,88,CONTACTS,1,1,1.624,70.9
26,F,88,GLASSES,1,2,1.74,74.8
20,F,88,NEITHER,1,1,1.61,53.6
26,F,88,NEITHER,1,4,1.705,72.8
27,F,88,NEITHER,1,2,1.627,58.5
20,F,88,GLASSES,1,1,1.682,55.8
28,F,88,GLASSES,1,4,1.67,68.7
24,F,88,NEITHER,2,1,1.56,60.9
29,F,88,CONTACTS,1,4,1.603,62.4
25,F,88,NEITHER,1,1,1.603,67.1
25,F,88,GLASSES,1,1,1.672,74.9
20,F,88,CONTACTS,1,1,1.746,61.5
25,F,88,NEITHER,1,1,1.672,51.5
23,F,88,CONTACTS,1,4,1.623,60.1
20,F,88,NEITHER,1,1,1.656,56.8
24,F,88,NEITHER,1,1,1.606,52.4
21,F,88,NEITHER,1,1,1.685,66.7
29,F,88,GLASSES,1,1,1.633,77.9
20,F,88,NEITHER,1,1,1.593,63.5
20,F,88,NEITHER,1,1,1.733,62.9
22,F,88,GLASSES,1,1,1.654,54.9
27,F,88,NEITHER,1,1,1.605,49.9
23,F,88,NEITHER,1,1,1.59,68.3
23,F,88,NEITHER,1,1,1.61,55.1
22,F,88,GLASSES,1,1,1.674,55
21,F,88,NEITHER,1,1,1.559,53.4
24,F,88,CONTACTS,1,1,1.623,49.6
20,F,88,NEITHER,1,1,1.553,63.9
20,F,88,NEITHER,1,1,1.56,57.7
22,F,88,NEITHER,1,1,1.683,81.2
22,F,88,GLASSES,1,1,1.625,61.8
25,F,88,BOTH,1,4,1.623,63
26,F,88,BOTH,1,4,1.726,66.7
24,F,88,NEITHER,1,1,1.578,65.4
27,F,88,GLASSES,1,1,1.717,68.6
24,F,88,CONTACTS,1,1,1.618,64.3
20,F,88,NEITHER,2,1,1.676,61.6
28,F,88,NEITHER,1,1,1.596,63.8
23,F,88,GLASSES,1,1,1.684,66.4
21,F,88,BOTH,1,1,1.578,68.7
25,F,88,GLASSES,1,4,1.624,67.4
24,F,88,NEITHER,1,2,1.586,66.8
26,F,88,CONTACTS,1,1,1.683,56.8
27,F,88,GLASSES,1,4,1.763,79.4
29,F,88,CONTACTS,1,2,1.713,65
28,F,88,BOTH,1,2,1.602,61.4
20,F,88,NEITHER,2,1,1.51,50.7
28,F,88,BOTH,1,2,1.671,57.5
20,F,88,NEITHER,1,1,1.552,56.3
24,F,88,GLASSES,1,1,1.664,52.2
26,F,88,BOTH,1,2,1.674,69.4
23,F,88,BOTH,1,4,1.67,59.8
24,F,88,NEITHER,1,1,1.609,73.9
28,F,88,NEITHER,2,1,1.655,68.5
25,F,88,BOTH,1,4,1.621,61.7
24,F,88,GLASSES,1,1,1.701,73.7
27,F,88,NEITHER,2,4,1.638,60.1
27,F,88,NEITHER,1,4,1.677,62.7
23,F,88,NEITHER,1,2,1.582,60.8
27,F,88,CONTACTS,1,4,1.59,55.7
22,F,88,GLASSES,1,1,1.711,51.5
24,F,88,NEITHER,1,4,1.712,70.3
29,F,88,GLASSES,1,2,1.592,60.2
26,F,88,NEITHER,1,1,1.681,55.8
20,F,88,BOTH,1,1,1.66,64.8
20,F,88,BOTH,1,1,1.73,73.1
24,F,88,NEITHER,1,1,1.652,59.2
28,F,88,GLASSES,1,2,1.585,54.4
24,F,88,NEITHER,2,4,1.575,44.7
23,F,88,NEITHER,1,2,1.624,54.1
21,F,88,GLASSES,1,1,1.595,71.3
24,F,88,NEITHER,1,1,1.648,54.1
21,F,88,BOTH,1,1,1.554,56.5
27,F,88,NEITHER,NA,1,1.676,58.1
24,F,88,NEITHER,1,2,1.682,58.5
29,F,88,GLASSES,1,4,1.692,63.6
26,F,88,NEITHER,1,4,1.618,62.2
20,F,88,BOTH,1,1,1.647,67.1
24,F,88,NEITHER,1,1,1.55,64
22,F,88,BOTH,1,1,1.684,69.9
20,F,88,CONTACTS,2,1,1.726,56.1
23,F,88,NEITHER,1,2,1.675,70.4
24,F,88,NEITHER,1,1,1.662,57.6
23,F,88,NEITHER,1,1,1.767,76
24,F,88,BOTH,1,2,1.603,62.7
23,F,88,BOTH,1,4,1.676,65.5
20,F,88,NEITHER,1,1,1.695,56.8
22,F,88,NEITHER,1,1,1.636,67.3
22,F,88,NEITHER,1,1,1.632,51.7
28,F,88,NEITHER,1,2,1.662,68.2
25,F,88,BOTH,1,4,1.585,54.9
27,F,88,GLASSES,1,1,1.717,73.6
24,F,88,GLASSES,1,4,1.653,71.3
28,F,88,GLASSES,1,2,1.568,70.3
24,F,88,NEITHER,1,1,1.507,49.2
23,F,88,NEITHER,1,1,1.686,59.1
24,F,88,GLASSES,1,1,1.633,62.4
26,F,88,BOTH,1,1,1.681,65.7
22,F,88,BOTH,1,2,1.732,81
24,F,88,BOTH,1,1,1.692,55.8
25,F,88,BOTH,1,2,1.607,53.1
21,F,88,NEITHER,1,1,1.6,56.1
22,F,88,GLASSES,2,1,1.622,57.1
21,F,88,BOTH,1,1,1.557,57.4
21,F,88,NEITHER,1,1,1.611,54.9
24,F,88,CONTACTS,1,4,1.673,67.5
25,F,88,GLASSES,1,4,1.686,63.8
22,F,88,NEITHER,1,1,1.648,58
20,F,88,GLASSES,1,1,1.59,58.1
26,F,88,GLASSES,1,4,1.669,60.5
23,F,88,GLASSES,1,4,1.675,59.6
22,F,88,NEITHER,1,1,1.607,59.3
27,F,88,BOTH,1,4,1.662,70.2
27,F,88,CONTACTS,2,4,1.656,66.1
20,F,88,NEITHER,1,1,1.62,53.9
21,F,88,NEITHER,1,1,1.692,71.4
28,F,88,NEITHER,2,2,1.604,57.1
21,F,88,NEITHER,1,1,1.559,53
28,F,88,GLASSES,1,1,1.618,60.2
20,F,88,GLASSES,1,1,1.639,53.5
21,F,88,NEITHER,1,1,1.649,63.1
24,F,88,NEITHER,1,1,1.698,84
20,F,88,NEITHER,1,1,1.707,71.2
26,F,88,BOTH,1,1,1.605,66.5
20,F,88,NEITHER,1,1,1.679,62.2
21,F,88,NEITHER,1,1,1.602,57.1
24,F,88,GLASSES,1,4,1.62,55.1
20,F,88,NEITHER,1,1,1.565,63.4
22,F,88,GLASSES,1,1,1.606,52.8
25,F,88,NEITHER,1,1,1.586,68.6
25,F,88,NEITHER,1,1,1.87,87.4
29,F,88,GLASSES,1,2,1.684,79.8
24,F,88,GLASSES,1,1,1.61,64.9
24,F,88,BOTH,1,4,1.512,50
22,F,88,NEITHER,1,1,1.6,60.8
27,F,88,CONTACTS,1,2,1.66,60.4
25,F,88,NEITHER,1,2,1.589,71
26,F,88,NEITHER,1,2,1.643,64.4
20,F,88,GLASSES,1,1,1.611,51.1
27,F,88,GLASSES,1,1,1.736,74.3
22,F,88,NEITHER,1,2,1.679,63.4
25,F,88,GLASSES,1,1,1.661,83
23,F,88,GLASSES,1,1,1.54,50.6
24,F,88,NEITHER,1,1,1.574,62.3
20,F,88,NEITHER,1,1,1.595,59.6
27,F,88,NEITHER,1,1,1.654,54.8
22,F,88,NEITHER,2,1,1.65,65.7
21,F,88,NEITHER,1,1,1.599,63.2
20,F,88,NEITHER,2,1,1.638,68.3
23,F,88,CONTACTS,1,1,1.586,46
24,F,88,NEITHER,1,1,1.655,61.1
20,F,88,NEITHER,1,1,1.646,76.3
23,F,88,NEITHER,1,1,1.632,58.6
25,F,88,NEITHER,1,2,1.714,58.9
21,F,88,NEITHER,1,1,1.605,58.1
22,F,88,NEITHER,1,1,1.644,76.5
28,F,88,NEITHER,2,2,1.582,61
23,F,88,NEITHER,1,1,1.612,59
20,F,88,GLASSES,1,1,1.778,77.4
22,F,88,GLASSES,1,1,1.717,52.6
25,F,88,NEITHER,1,2,1.609,61.9
24,F,88,GLASSES,2,1,1.651,58.7
24,F,88,NEITHER,1,2,1.618,64.1
26,F,88,BOTH,1,1,1.752,63.4
26,F,88,GLASSES,1,1,1.606,65.3
27,F,88,CONTACTS,1,2,1.702,65.5
21,F,88,NEITHER,1,1,1.706,70.4
28,F,88,GLASSES,1,2,1.604,72.6
25,F,88,BOTH,1,2,1.643,68.8
20,F,88,NEITHER,1,1,1.661,75.3
27,F,88,GLASSES,1,2,1.607,69.3
21,F,88,NEITHER,1,1,1.48,52
23,F,88,NEITHER,1,4,1.648,55.9
24,F,88,NEITHER,1,1,1.626,73
23,F,88,NEITHER,1,1,1.563,65.4
24,F,88,NEITHER,1,2,1.633,58.2
24,F,88,GLASSES,1,1,1.685,64.9
21,F,88,GLASSES,2,1,1.615,55.6
23,F,88,NEITHER,1,1,1.63,53.2
27,F,88,BOTH,2,1,1.657,65
20,F,88,BOTH,1,1,1.583,59.7
28,F,88,NEITHER,1,2,1.598,62.8
21,F,88,NEITHER,1,1,1.617,64.4
25,F,88,NEITHER,1,1,1.705,59
20,F,88,BOTH,1,1,1.732,70.8
23,F,88,NEITHER,1,2,1.682,62.8
26,F,88,GLASSES,1,2,1.57,69.1
24,F,88,BOTH,2,4,1.646,63.5
26,F,88,GLASSES,1,4,1.621,63.6
28,F,88,GLASSES,1,4,1.56,50.7
28,F,88,GLASSES,1,1,1.579,45
22,F,88,NEITHER,1,1,1.667,61.8
24,F,88,NEITHER,1,1,1.581,47.8
29,F,88,GLASSES,1,4,1.701,54.9
22,F,88,GLASSES,1,1,1.675,55.4
22,F,88,NEITHER,1,1,1.567,52.9
28,F,88,NEITHER,2,2,1.616,67.9
22,F,88,GLASSES,2,2,1.666,52.7
21,F,88,NEITHER,1,1,1.602,52
28,F,88,NEITHER,1,1,1.756,75
21,F,88,NEITHER,1,1,1.628,67.6
26,F,88,NEITHER,1,2,1.657,66.1
29,F,88,GLASSES,1,2,1.584,51.4
24,F,88,GLASSES,1,1,1.714,55.3
20,F,88,GLASSES,1,1,1.561,57.9
29,F,88,NEITHER,1,2,1.645,74.3
25,F,88,NEITHER,1,1,1.685,69
20,F,88,NEITHER,1,1,1.642,66.7
21,F,88,GLASSES,1,1,1.642,54.1
29,F,88,NEITHER,1,2,1.587,50.1
22,F,88,GLASSES,1,1,1.71,72.6
24,F,88,CONTACTS,1,1,1.7,66.9
23,F,88,GLASSES,1,1,1.552,51.1
24,F,88,NEITHER,1,2,1.776,71.4
26,F,88,NEITHER,1,1,1.562,65.5
25,F,88,NEITHER,1,4,1.701,76.6
24,F,88,NEITHER,1,1,1.628,60.8
28,F,88,CONTACTS,1,2,1.622,57.2
27,F,88,GLASSES,1,4,1.567,52.4
23,F,88,NEITHER,1,1,1.711,69.9
20,F,88,GLASSES,1,1,1.652,62.7
23,F,88,GLASSES,1,4,1.557,61.7
25,F,88,CONTACTS,1,4,1.762,60.1
23,F,88,NEITHER,2,4,1.667,52.6
26,F,88,NEITHER,1,2,1.54,50.4
25,F,88,CONTACTS,1,4,1.618,62.6
27,F,88,NEITHER,1,2,1.635,70.8
24,F,88,NEITHER,1,1,1.592,58.5
23,F,88,NEITHER,1,4,1.595,55.2
21,F,88,NEITHER,1,1,1.565,51.8
25,F,88,BOTH,1,4,1.636,63.1
25,F,88,BOTH,1,4,1.712,54.8
23,F,88,NEITHER,1,1,1.668,54.5
23,F,88,NEITHER,2,1,1.578,60
25,F,88,NEITHER,1,4,1.615,54.4
26,F,88,GLASSES,1,2,1.652,67.6
23,F,88,GLASSES,1,1,1.622,63.2
24,F,88,NEITHER,1,1,1.658,75
28,F,88,NEITHER,1,2,1.557,58.3
29,F,88,BOTH,NA,1,1.595,59.7
24,F,88,NEITHER,1,4,1.58,61.9
23,F,88,BOTH,1,2,1.568,51
26,F,88,NEITHER,1,1,1.734,58.7
21,F,88,NEITHER,2,1,1.674,61.6
21,F,88,NEITHER,1,1,1.603,47.1
20,F,88,NEITHER,1,1,1.674,62.2
20,F,88,CONTACTS,1,1,1.603,65.4
28,F,88,BOTH,1,1,1.607,49.3
22,F,88,GLASSES,2,1,1.632,66.7
20,F,88,NEITHER,1,1,1.706,56
26,F,88,GLASSES,1,2,1.553,64.1
20,F,88,NEITHER,1,1,1.493,41.3
26,F,88,GLASSES,1,2,1.522,62
23,F,88,BOTH,2,4,1.733,57.2
28,F,88,GLASSES,1,1,1.623,69.7
23,F,88,GLASSES,1,4,1.687,57.1
29,F,88,BOTH,1,4,1.705,70.5
25,F,88,NEITHER,1,2,1.636,64.8
27,F,88,NEITHER,1,4,1.701,66.1
23,F,88,NEITHER,1,4,1.597,59.4
29,F,88,GLASSES,1,1,1.728,70.7
23,F,88,GLASSES,1,1,1.571,53.2
26,F,88,NEITHER,2,1,1.633,62.5
21,F,88,GLASSES,1,1,1.665,62.3
22,F,88,GLASSES,1,1,1.643,58.3
27,F,88,BOTH,1,2,1.534,47.7
21,F,88,GLASSES,1,1,1.731,72.3
27,F,88,BOTH,1,4,1.565,51.8
27,F,88,GLASSES,1,1,1.602,64.4
22,F,88,NEITHER,1,1,1.752,61.5
26,F,88,NEITHER,1,1,1.784,66.2
20,F,88,NEITHER,1,1,1.572,62.7
28,F,88,GLASSES,2,2,1.548,54
21,F,88,NEITHER,1,1,1.66,62.3
27,F,88,NEITHER,1,1,1.627,71.1
25,F,88,NEITHER,1,1,1.675,74.8
28,F,88,GLASSES,1,1,1.556,54.7
27,F,88,NEITHER,1,1,1.61,61.3
25,F,88,GLASSES,1,1,1.699,62.8
22,F,88,BOTH,1,1,1.703,62.2
23,F,88,BOTH,1,4,1.577,44.9
21,F,88,NEITHER,1,1,1.575,57.2
22,F,88,NEITHER,1,1,1.647,61
28,F,88,GLASSES,1,2,1.67,71.5
27,F,88,NEITHER,1,2,1.564,54.5
29,F,88,GLASSES,1,2,1.651,63.4
21,F,88,CONTACTS,1,1,1.596,68.2
22,F,88,CONTACTS,1,1,1.666,55.7
24,F,88,BOTH,1,1,1.767,72.9
25,F,88,GLASSES,2,1,1.7,68.9
20,F,88,NEITHER,1,1,1.676,67.2
26,F,88,GLASSES,1,1,1.673,75
24,F,88,NEITHER,1,2,1.549,57.1
29,F,88,GLASSES,1,1,1.58,64.2
24,F,88,NEITHER,2,1,1.551,61.2
29,F,88,GLASSES,1,2,1.634,72.1
26,F,88,NEITHER,1,1,1.62,62
21,F,88,NEITHER,1,1,1.537,53.2
23,F,88,GLASSES,1,1,1.728,72.2
23,F,88,NEITHER,1,1,1.55,53.7
20,F,88,NEITHER,2,1,1.635,56.7
29,F,88,NEITHER,1,2,1.644,79.6
29,F,88,NEITHER,1,1,1.638,60.5
29,F,88,BOTH,1,4,1.703,62.5
23,F,88,BOTH,1,2,1.623,48.9
23,F,88,NEITHER,1,2,1.478,52.2
24,F,88,CONTACTS,2,2,1.58,55
27,F,88,NEITHER,1,1,1.626,70
24,F,88,GLASSES,1,4,1.669,63.6
23,F,88,BOTH,1,2,1.554,54.4
28,F,88,NEITHER,1,2,1.71,64.8
29,F,88,GLASSES,1,2,1.518,54
22,F,88,NEITHER,1,1,1.673,69.4
23,F,88,GLASSES,1,1,1.603,65.1
25,F,88,NEITHER,1,1,1.592,56
29,F,88,NEITHER,1,2,1.637,46.5
21,F,88,BOTH,1,1,1.693,74.7
21,F,88,NEITHER,1,1,1.723,62.6
25,F,88,GLASSES,1,2,1.691,58.4
22,F,88,CONTACTS,1,1,1.598,51
25,F,88,NEITHER,1,1,1.588,63.4
29,F,88,GLASSES,1,4,1.551,71.8
28,F,88,NEITHER,1,2,1.592,60.9
28,F,88,NEITHER,1,2,1.556,61.3
29,F,88,GLASSES,1,2,1.662,58.5
29,F,88,GLASSES,1,2,1.663,61.1
22,F,88,CONTACTS,1,4,1.662,69.2
23,F,88,NEITHER,2,4,1.587,57.1
29,F,88,GLASSES,1,2,1.58,60.5
25,F,88,BOTH,1,2,1.588,56.3
27,F,88,BOTH,1,1,1.615,62.7
27,F,88,BOTH,1,4,1.674,67.7
21,F,88,NEITHER,1,1,1.603,48.5
29,F,88,NEITHER,1,2,1.752,71
21,F,88,NEITHER,1,1,1.576,54.8
22,F,88,NEITHER,1,1,1.672,59
21,F,88,BOTH,1,1,1.671,68
22,F,88,NEITHER,1,1,1.64,61.1
24,F,88,NEITHER,2,2,1.691,60
21,F,88,BOTH,1,1,1.7,64.2
24,F,88,NEITHER,1,1,1.598,71.6
27,F,88,GLASSES,1,1,1.483,41.6
28,F,88,GLASSES,1,4,1.642,62.9
21,F,88,GLASSES,1,1,1.618,61.3
20,F,88,GLASSES,1,1,1.533,43.3
25,F,88,NEITHER,1,1,1.493,44.8
20,F,88,NEITHER,1,1,1.634,58.2
27,F,88,NEITHER,1,2,1.637,53.8
22,F,88,NEITHER,1,1,1.536,51.8
28,F,88,CONTACTS,1,1,1.597,58.1
20,F,88,NEITHER,1,1,1.573,58.7
22,F,88,NEITHER,1,1,1.533,57.9
26,F,88,NEITHER,1,1,1.586,53.6
20,F,88,NEITHER,1,1,1.609,59
21,F,88,NEITHER,1,1,1.632,50.3
24,F,88,NEITHER,1,1,1.607,63.1
20,F,88,NEITHER,1,1,1.502,49.9
28,F,88,BOTH,2,1,1.655,71.3
26,F,88,NEITHER,1,2,1.605,55
24,F,88,GLASSES,1,1,1.592,49.9
24,F,88,NEITHER,1,1,1.635,67.6
26,F,88,NEITHER,2,2,1.549,48
21,F,88,NEITHER,1,1,1.598,51.3
24,F,88,BOTH,1,4,1.715,55.4
24,F,88,NEITHER,1,4,1.689,65.3
24,F,88,GLASSES,1,1,1.622,59.8
27,F,88,NEITHER,1,2,1.612,71.8
20,F,88,CONTACTS,1,1,1.616,58.7
28,F,88,GLASSES,1,1,1.508,53.4
23,F,88,BOTH,1,1,1.642,65.8
23,F,88,GLASSES,1,1,1.634,53.1
23,F,88,NEITHER,1,1,1.62,63.7
21,F,88,NEITHER,2,1,1.635,62
23,F,88,GLASSES,1,1,1.57,58.3
21,F,88,BOTH,1,1,1.518,49.3
28,F,88,NEITHER,1,2,1.66,70
23,F,88,NEITHER,1,1,1.738,68.6
24,F,88,NEITHER,1,1,1.653,59.8
23,F,88,BOTH,1,2,1.585,69.6
25,F,88,NEITHER,1,1,1.561,51
25,F,88,GLASSES,1,2,1.535,55.2
27,F,88,NEITHER,1,4,1.636,71.2
22,F,88,NEITHER,1,4,1.559,47.1
23,F,88,NEITHER,1,4,1.609,52.1
21,F,88,NEITHER,1,1,1.583,60.4
23,F,88,NEITHER,1,1,1.612,58.1
24,F,88,NEITHER,1,1,1.582,53.2
26,F,88,GLASSES,1,1,1.664,66.5
23,F,88,GLASSES,1,1,1.5,50.7
28,F,88,NEITHER,1,2,1.645,62.4
27,F,88,GLASSES,1,1,1.668,68.3
26,F,88,NEITHER,2,2,1.654,58.9
28,F,88,BOTH,1,1,1.715,65
24,F,88,NEITHER,1,1,1.602,48
21,F,88,GLASSES,1,1,1.694,58.4
22,F,88,NEITHER,1,1,1.674,59.4
25,F,88,CONTACTS,1,1,1.548,56.8
28,F,88,BOTH,NA,2,1.601,51.5
26,F,88,BOTH,1,1,1.661,55.9
24,F,88,GLASSES,1,1,1.693,57.5
23,F,88,NEITHER,1,2,1.643,73.5
25,F,88,NEITHER,1,1,1.682,66.5
24,F,88,NEITHER,1,1,1.705,63.9
29,F,88,NEITHER,1,1,1.643,60
24,F,88,NEITHER,1,1,1.663,63.9
20,F,88,NA,1,1,1.745,68.9
24,F,88,NEITHER,2,1,1.674,64.5
20,F,88,NEITHER,1,1,1.602,58.5
21,F,88,NEITHER,1,1,1.728,57.7
21,F,88,BOTH,1,1,1.66,61
20,F,88,NEITHER,1,1,1.545,59.6
23,F,88,GLASSES,1,1,1.541,59.2
22,F,88,GLASSES,1,1,1.592,57.3
21,F,88,NEITHER,1,1,1.554,57
29,F,88,NEITHER,1,2,1.633,66.2
25,F,88,NEITHER,1,1,1.659,68.4
29,F,88,NEITHER,2,2,1.548,51.5
27,F,88,NEITHER,1,1,1.746,76.7
22,F,88,CONTACTS,1,1,1.646,61.1
28,F,88,GLASSES,1,2,1.655,63.6
24,F,88,BOTH,2,4,1.643,68.2
26,F,88,NEITHER,1,1,1.554,56.5
25,F,88,NEITHER,1,4,1.7,66.7
24,F,88,NEITHER,1,4,1.66,60.5
21,F,88,GLASSES,1,1,1.582,51.9
27,F,88,BOTH,1,1,1.658,58.5
24,F,88,NEITHER,1,1,1.553,52.1
24,F,88,BOTH,1,1,1.629,67.7
25,F,88,NEITHER,1,1,1.691,61.6
21,F,88,GLASSES,1,1,1.546,46.3
24,F,88,NEITHER,1,1,1.612,57.1
21,F,88,GLASSES,1,1,1.586,49.6
26,F,88,NEITHER,1,2,1.596,59.7
20,F,88,GLASSES,1,1,1.716,71.6
20,F,88,NEITHER,1,1,1.611,52.3
22,F,88,GLASSES,1,1,1.653,56.2
25,F,88,NEITHER,1,1,1.508,59.1
22,F,88,GLASSES,1,1,1.57,55.5
20,F,88,NEITHER,1,1,1.74,64.5
20,F,88,NEITHER,1,1,1.674,68.4
25,F,88,NEITHER,1,1,1.632,60.4
22,F,88,NEITHER,1,1,1.584,56.1
28,F,88,NEITHER,1,4,1.672,56
23,F,88,NEITHER,1,4,1.663,67.6
26,F,88,BOTH,1,1,1.584,50.7
21,F,88,NEITHER,1,1,1.618,55.2
25,F,88,GLASSES,1,2,1.703,61.6
21,F,88,GLASSES,1,1,1.722,72
29,F,88,NEITHER,1,1,1.734,83.9
23,F,88,NEITHER,2,1,1.692,71.8
23,F,88,GLASSES,1,1,1.676,60.8
23,F,88,CONTACTS,1,1,1.644,71.4
23,F,88,NEITHER,1,2,1.53,54.5
29,F,88,GLASSES,1,2,1.573,55.2
23,F,88,BOTH,1,1,1.634,55.6
29,F,88,NEITHER,1,2,1.596,61.8
24,F,88,NEITHER,2,2,1.632,77
24,F,88,NEITHER,1,2,1.594,53.7
23,F,88,NEITHER,1,2,1.553,62.2
24,F,88,GLASSES,1,1,1.678,64.2
24,F,88,GLASSES,1,2,1.501,48.8
24,F,88,BOTH,1,2,1.605,56.6
25,F,88,CONTACTS,1,2,1.712,77.5
28,F,88,BOTH,2,2,1.615,67
22,F,88,GLASSES,1,1,1.775,77.9
26,F,88,GLASSES,1,2,1.63,52.8
28,F,88,NEITHER,1,2,1.538,55.8
20,F,88,GLASSES,1,1,1.592,69.5
27,F,88,BOTH,2,1,1.668,72.3
22,F,88,NEITHER,1,1,1.614,68.9
21,F,88,GLASSES,1,1,1.717,68.3
23,F,88,NEITHER,1,1,1.565,59.5
28,F,88,CONTACTS,1,4,1.678,68.8
25,F,88,BOTH,1,1,1.561,56.5
27,F,88,GLASSES,1,2,1.826,64.9
20,F,88,GLASSES,1,1,1.648,58.8
29,F,88,GLASSES,1,1,1.737,80.1
25,F,88,NEITHER,2,2,1.676,59.1
24,F,88,BOTH,2,1,1.653,67.6
21,F,88,NEITHER,1,1,1.664,56.2
21,F,88,NEITHER,2,1,1.56,51.8
23,F,88,BOTH,1,1,1.553,51.4
28,F,88,NEITHER,1,3,1.703,59.7
26,F,88,GLASSES,1,2,1.73,64.2
27,F,88,BOTH,1,4,1.752,75.6
27,F,88,NEITHER,1,4,1.655,58.1
29,F,88,GLASSES,1,2,1.609,47.3
28,F,88,NEITHER,2,2,1.57,65.7
23,F,88,CONTACTS,1,4,1.601,58
24,F,88,CONTACTS,1,4,1.587,58.9
22,F,88,NEITHER,1,1,1.687,61
25,F,88,NEITHER,1,1,1.626,58.3
29,F,88,BOTH,1,2,1.617,65.1
26,F,88,GLASSES,1,1,1.594,67.9
27,F,88,BOTH,1,1,1.63,72.1
26,F,88,NEITHER,1,1,1.61,64.7
25,F,88,GLASSES,1,1,1.568,60.5
25,F,88,NEITHER,1,1,1.741,57.5
24,F,88,GLASSES,1,1,1.448,46.4
20,F,88,BOTH,1,1,1.606,60.4
25,F,88,BOTH,1,1,1.684,64.8
25,F,88,NEITHER,1,2,1.582,49.2
28,F,88,NEITHER,2,2,1.642,83.5
22,F,88,GLASSES,1,1,1.576,50.8
29,F,88,GLASSES,1,2,1.558,65.9
22,F,88,NEITHER,1,1,1.588,60.2
26,F,88,GLASSES,1,2,1.563,56.4
27,F,88,NEITHER,1,4,1.606,49.9
24,F,88,NEITHER,1,4,1.71,64.2
29,F,88,GLASSES,1,4,1.711,69
27,F,88,BOTH,1,4,1.638,61.7
20,F,88,NEITHER,1,1,1.597,51.2
25,F,88,BOTH,1,4,1.662,57.8
21,F,88,NEITHER,1,1,1.59,57.3
22,F,88,NEITHER,1,1,1.522,65.8
29,F,88,GLASSES,1,4,1.632,54.7
23,F,88,BOTH,1,4,1.631,57.6
25,F,88,NEITHER,1,4,1.688,51.7
24,F,88,BOTH,1,4,1.652,67.2
21,F,88,NEITHER,1,1,1.731,76.4
22,F,88,NEITHER,1,1,1.532,52.4
22,F,88,GLASSES,1,1,1.646,57.5
25,F,88,BOTH,1,1,1.772,80.6
25,F,88,BOTH,1,4,1.585,57.1
27,F,88,CONTACTS,1,4,1.69,66.9
20,F,88,GLASSES,1,1,1.578,55
23,F,88,GLASSES,1,1,1.603,62.6
23,F,88,GLASSES,2,1,1.646,60.9
21,F,88,BOTH,1,1,1.617,60.4
22,F,88,BOTH,1,1,1.58,64.1
24,F,88,GLASSES,1,1,1.524,58
29,F,88,GLASSES,1,1,1.593,71.3
26,F,88,BOTH,1,4,1.586,55.5
23,F,88,GLASSES,1,1,1.64,57.6
24,F,88,NEITHER,1,4,1.605,65.8
23,F,88,NEITHER,1,2,1.702,62.5
28,F,88,NEITHER,1,2,1.622,71
23,F,88,CONTACTS,1,4,1.703,49.7
28,F,88,GLASSES,1,2,1.57,63
20,F,88,BOTH,1,1,1.623,59
23,F,88,NEITHER,1,4,1.692,73.3
26,F,88,BOTH,1,4,1.717,65.4
28,F,88,GLASSES,1,2,1.655,68
26,F,88,NEITHER,1,2,1.645,50.4
23,F,88,NEITHER,1,4,1.641,53
29,F,88,NEITHER,1,4,1.633,67.9
23,F,88,GLASSES,1,1,1.591,64.4
27,F,88,NEITHER,1,2,1.673,63.6
24,F,88,GLASSES,1,1,1.609,67.7
29,F,88,NEITHER,1,2,1.567,53
28,F,88,NEITHER,1,2,1.571,64.7
28,F,88,GLASSES,1,1,1.63,64.2
26,F,88,GLASSES,1,1,1.581,63.9
20,F,88,GLASSES,1,1,1.673,45.5
20,F,88,BOTH,1,1,1.647,59
23,F,88,NEITHER,1,1,1.618,58.5
20,F,88,BOTH,1,1,1.551,53.7
20,F,88,GLASSES,1,1,1.608,63.1
28,F,88,GLASSES,2,2,1.68,73.5
29,F,88,NEITHER,1,1,1.428,43
25,F,88,NEITHER,1,1,1.636,62.7
25,F,88,BOTH,1,4,1.623,71.5
25,F,88,GLASSES,1,1,1.649,59.6
27,F,88,GLASSES,1,2,1.578,71.5
20,F,88,NEITHER,2,1,1.671,62.6
27,F,88,BOTH,1,1,1.682,74.4
21,F,88,NEITHER,1,1,1.658,61.9
21,F,88,GLASSES,1,1,1.602,65.1
26,F,88,NEITHER,1,2,1.604,69.5
20,F,88,NEITHER,1,1,1.596,57.9
20,F,88,NEITHER,2,1,1.628,60.7
22,F,88,GLASSES,1,1,1.494,52.4
21,F,88,GLASSES,1,1,1.719,72.9
25,F,88,GLASSES,2,1,1.598,51
20,F,88,NEITHER,2,1,1.578,53.7
20,F,88,NEITHER,1,1,1.566,56.4
29,F,88,NEITHER,1,1,1.654,59.5
20,F,88,GLASSES,1,1,1.703,60.3
21,F,88,GLASSES,1,1,1.721,77.8
21,F,88,NEITHER,2,1,1.551,54
22,F,88,NEITHER,1,1,1.643,52.1
21,F,88,NEITHER,1,1,1.588,61.3
23,F,88,BOTH,1,1,1.637,70.6
27,F,88,GLASSES,1,2,1.657,68.9
25,F,88,NEITHER,1,2,1.548,47.3
28,F,88,GLASSES,1,2,1.7,62.1
22,F,88,GLASSES,1,1,1.652,64.1
24,F,88,NEITHER,1,2,1.534,59.7
25,F,88,GLASSES,1,2,1.623,62
25,F,88,GLASSES,1,2,1.666,48
23,F,88,GLASSES,1,4,1.648,63.8
27,F,88,NEITHER,1,2,1.693,62.9
23,F,88,NEITHER,1,1,1.631,72.3
26,F,88,NEITHER,1,2,1.655,50.8
29,F,88,NEITHER,1,2,1.623,67.1
29,F,88,GLASSES,1,2,1.571,61.6
26,F,88,NEITHER,1,4,1.67,51.4
27,F,88,NEITHER,1,1,1.585,63.1
26,F,88,NEITHER,2,2,1.659,53
28,F,88,NEITHER,1,2,1.665,63.5
28,F,88,BOTH,1,2,1.65,68
28,F,88,NEITHER,1,2,1.57,53
23,F,88,NEITHER,1,1,1.635,61.3
29,F,88,GLASSES,2,2,1.493,60
27,F,88,GLASSES,1,2,1.652,62.5
27,F,88,NEITHER,1,2,1.66,58.6
21,F,88,NEITHER,1,1,1.578,48.3
25,F,88,GLASSES,1,2,1.543,66
29,F,88,CONTACTS,1,2,1.608,61.3
29,F,88,BOTH,1,2,1.592,54.6
28,F,88,GLASSES,1,2,1.667,67.8
21,F,88,NEITHER,1,1,1.682,71.8
21,F,88,BOTH,1,1,1.681,59.1
26,F,88,GLASSES,1,1,1.637,63.1
26,F,88,GLASSES,1,2,1.59,71.3
28,F,88,NEITHER,1,2,1.652,64.5
28,F,88,BOTH,1,2,1.663,68
28,F,88,GLASSES,1,2,1.595,70.1
27,F,88,GLASSES,1,2,1.496,52.4
29,F,88,BOTH,2,1,1.568,62.8
29,F,88,NEITHER,1,2,1.718,66.4
26,F,88,NEITHER,1,4,1.625,48.6
24,F,88,GLASSES,1,2,1.575,65.9
29,F,88,NEITHER,1,2,1.632,73.1
27,F,88,CONTACTS,1,4,1.664,79.5
29,F,88,BOTH,2,2,1.568,57.5
25,F,88,NEITHER,1,1,1.532,58.9
27,F,88,NEITHER,1,1,1.624,58
24,F,88,NEITHER,1,1,1.695,60.3
23,F,88,GLASSES,1,4,1.764,63
22,F,88,NEITHER,1,1,1.646,62.5
20,F,88,GLASSES,1,1,1.69,54.9
24,F,88,BOTH,1,4,1.65,67.6
22,F,88,NEITHER,1,1,1.683,72.8
26,F,88,GLASSES,1,2,1.758,61.5
25,F,88,CONTACTS,1,2,1.636,55.9
27,F,88,GLASSES,1,2,1.578,59.6
23,F,88,NEITHER,1,1,1.736,77.4
26,F,88,NEITHER,2,1,1.658,59.3
27,F,88,GLASSES,2,2,1.613,60.5
29,F,88,NEITHER,1,2,1.658,76.1
21,F,88,NEITHER,1,1,1.675,66.4
22,F,88,BOTH,1,1,1.538,54.1
27,F,88,GLASSES,1,2,1.645,64
23,F,88,GLASSES,1,4,1.586,63.6
23,F,88,GLASSES,1,1,1.663,67.4
28,F,88,NEITHER,1,1,1.555,56
27,F,88,NEITHER,1,2,1.593,49.1
22,F,88,NEITHER,2,1,1.724,82.5
29,F,88,NEITHER,1,4,1.655,57.4
24,F,88,GLASSES,1,2,1.606,75
22,F,88,NEITHER,1,2,1.587,60
27,F,88,NEITHER,1,2,1.64,68.1
28,F,88,GLASSES,1,4,1.6,64
27,F,88,NEITHER,1,4,1.608,54.3
21,F,88,BOTH,1,1,1.554,53.8
22,F,88,NEITHER,1,1,1.585,68.8
28,F,88,GLASSES,1,1,1.706,54.7
24,F,88,NEITHER,1,1,1.589,65.5
23,F,88,NEITHER,1,1,1.662,50.6
26,F,88,GLASSES,1,1,1.696,69.4
23,F,88,NEITHER,1,1,1.585,53.1
25,F,88,BOTH,1,1,1.604,52.5
27,F,88,GLASSES,1,2,1.534,57
24,F,88,NEITHER,1,2,1.675,69.5
24,F,88,NEITHER,1,1,1.592,59.3
22,F,88,NEITHER,1,1,1.682,53.5
25,F,88,NEITHER,1,1,1.568,62.2
28,F,88,NEITHER,1,2,1.621,58.2
26,F,88,GLASSES,2,1,1.548,64.2
24,F,87,NEITHER,1,1,1.811,84.6
